Date,T high (f),T avg,T low,D high (f),D avg,D low,Humid high (%),H avg,H low,wind high (mph),wind avg,high,sum precip (in),event
1/1/2013,43,36,28,32,28,25,89,77,58,5,1,-,0,
1/2/2013,46,37,28,29,24,18,89,64,41,10,2,-,0,
1/3/2013,46,36,27,35,24,19,89,62,37,12,3,-,0.18,Rain
1/4/2013,53,45,37,43,39,34,93,81,62,12,5,-,0.07,Rain
1/5/2013,46,44,42,40,35,32,92,72,63,13,3,18,0.1,Rain
1/6/2013,46,42,39,40,38,37,89,81,68,10,7,-,0.03,Rain
1/7/2013,52,46,41,46,43,39,93,79,71,22,11,37,0.02,Rain
1/8/2013,55,48,42,48,43,39,93,82,71,21,9,36,0.53,Rain
1/9/2013,51,44,37,47,38,33,89,82,73,15,10,26,1.15,Rain
1/10/2013,39,34,30,34,32,29,93,82,73,7,3,-,0,"Fog , Rain"
1/11/2013,37,32,28,30,26,20,93,81,48,7,3,-,0,Fog
1/12/2013,39,32,26,29,24,21,88,77,49,9,1,-,0,
1/13/2013,37,30,24,25,22,19,85,73,51,6,3,-,0,
1/14/2013,39,34,30,30,27,24,79,73,60,9,4,-,0,
1/15/2013,45,40,34,32,30,28,85,72,55,6,1,-,0,
1/16/2013,44,36,28,33,30,25,93,83,60,6,2,-,0,Fog
1/17/2013,37,32,28,34,31,25,100,90,83,6,1,-,0,Fog
1/18/2013,39,36,33,36,33,31,96,91,83,6,2,-,0,Fog
1/19/2013,37,35,33,34,32,30,93,88,81,6,2,-,0,Fog
1/20/2013,41,37,33,35,32,30,96,88,79,6,1,-,0,Fog
1/21/2013,37,34,32,34,32,29,93,90,82,7,3,-,0,Fog
1/22/2013,39,34,30,34,32,29,92,85,73,7,1,-,0,Fog
1/23/2013,45,41,37,39,36,30,87,75,56,13,5,16,0.21,Rain
1/24/2013,46,42,37,40,37,33,89,79,59,8,5,-,0.16,Rain
1/25/2013,53,48,39,43,41,36,93,81,62,8,5,-,0.09,Rain
1/26/2013,48,44,41,39,37,36,89,78,63,14,8,22,0.16,Rain
1/27/2013,44,42,41,38,37,35,89,79,73,12,5,22,0.01,Rain
1/28/2013,45,42,39,40,38,36,89,84,76,9,6,-,0.21,Rain
1/29/2013,48,46,43,45,43,40,90,86,77,12,7,22,0.29,Rain
1/30/2013,50,48,46,47,45,43,93,89,83,10,7,-,0.06,Rain
1/31/2013,52,49,46,46,44,43,93,84,74,12,6,23,0.08,Rain
2/1/2013,51,48,44,45,43,39,93,83,71,7,2,-,0,
2/2/2013,44,42,39,40,38,37,93,86,79,9,4,-,0,Fog
2/3/2013,50,44,39,43,39,36,93,84,71,10,7,-,0.08,Rain
2/4/2013,52,48,44,42,41,39,87,76,61,9,6,-,0,
2/5/2013,52,48,44,43,40,38,87,76,63,17,9,33,0.18,Rain
2/6/2013,52,48,45,42,39,37,82,74,59,14,9,20,0.08,Rain
2/7/2013,50,46,39,38,35,30,82,66,46,20,7,28,0.09,Rain
2/8/2013,46,42,37,36,35,33,89,73,61,6,1,-,0,
2/9/2013,46,44,42,40,37,34,85,77,61,6,1,-,0.01,Rain
2/10/2013,46,42,37,40,36,34,93,79,61,6,2,-,0,Fog
2/11/2013,48,44,41,40,38,36,89,76,61,9,3,-,0.01,Rain
2/12/2013,52,49,46,45,43,42,93,82,71,17,8,26,0,
2/13/2013,50,48,46,43,40,37,86,74,66,10,5,-,0,
2/14/2013,51,48,44,44,41,39,86,79,71,9,5,-,0.03,Rain
2/15/2013,55,48,41,44,41,37,93,81,59,6,2,-,0,
2/16/2013,54,46,39,42,39,35,89,74,51,14,7,25,0,Rain
2/17/2013,46,44,42,38,35,31,81,70,54,10,7,-,0,
2/18/2013,46,44,41,38,35,33,82,73,59,8,3,-,0,Rain
2/19/2013,51,45,39,36,34,31,81,68,48,12,2,-,0,
2/20/2013,46,41,36,38,35,30,86,77,63,12,5,18,0.07,Rain
2/21/2013,46,44,41,38,37,36,89,77,71,17,8,26,0.01,Rain
2/22/2013,48,44,41,41,37,32,87,76,65,23,13,34,0.34,Rain
2/23/2013,51,45,39,36,34,32,81,69,52,12,8,18,0,
2/24/2013,48,45,42,36,34,31,76,63,50,21,10,31,0.02,Rain
2/25/2013,53,46,39,38,34,24,79,67,34,20,13,31,0.14,Rain
2/26/2013,48,44,39,36,32,29,79,62,46,13,8,-,0.01,Rain
2/27/2013,50,46,41,43,40,37,89,79,63,10,4,-,0.32,Rain
2/28/2013,54,49,44,50,46,41,93,87,82,14,4,-,0.25,Rain
3/1/2013,60,56,53,50,48,47,88,76,64,16,10,25,0.04,Rain
3/2/2013,57,50,42,48,43,36,83,76,64,14,8,25,0.21,Rain
3/3/2013,50,42,35,36,32,26,89,68,39,8,4,-,0,
3/4/2013,57,45,33,31,27,22,85,55,27,10,2,-,0,
3/5/2013,50,46,42,39,34,27,80,63,51,8,2,-,0,
3/6/2013,46,44,42,41,38,36,89,80,68,12,4,-,0.61,Rain
3/7/2013,53,48,42,42,39,35,89,75,52,8,5,-,0.26,Rain
3/8/2013,53,45,37,38,36,34,93,76,50,9,2,-,0,Fog
3/9/2013,55,44,34,39,35,31,93,73,45,7,2,-,0,Fog
3/10/2013,48,44,39,41,38,33,83,77,71,9,5,-,0.01,Rain
3/11/2013,53,48,44,45,41,39,86,76,62,7,1,-,0.03,Rain
3/12/2013,57,54,50,52,47,44,88,80,62,15,11,26,0.01,Rain
3/13/2013,54,53,51,50,48,46,89,83,77,15,9,22,0.15,Rain
3/14/2013,55,52,48,48,46,41,93,80,62,12,5,17,0.05,Rain
3/15/2013,60,54,48,48,46,44,93,78,62,12,8,18,0,
3/16/2013,52,46,42,45,40,32,82,74,59,18,9,28,0.04,Rain
3/17/2013,50,44,39,34,33,31,81,68,50,13,7,20,0,
3/18/2013,54,48,42,37,34,27,76,64,37,20,10,31,0,Rain
3/19/2013,55,46,39,41,35,30,86,68,40,13,3,-,0.37,Rain
3/20/2013,53,47,41,48,39,30,90,74,62,21,11,37,0.72,Rain
3/21/2013,50,42,37,37,33,30,89,73,56,9,7,21,0.1,Rain
3/22/2013,48,42,36,34,30,23,89,66,41,13,5,-,0.01,Rain
3/23/2013,52,42,34,30,26,21,76,57,33,7,3,-,0,
3/24/2013,55,44,33,33,29,26,82,58,34,9,2,-,0,
3/25/2013,62,49,37,35,29,26,70,46,26,9,2,-,0,
3/26/2013,62,54,48,39,36,32,69,53,36,6,2,-,0,
3/27/2013,57,52,48,45,40,34,83,64,50,6,2,-,0.01,Rain
3/28/2013,63,54,45,47,44,41,89,73,50,7,1,-,0.06,Rain
3/29/2013,64,55,46,45,43,39,83,65,39,7,3,-,0.01,Rain
3/30/2013,66,56,45,44,43,41,90,64,45,10,3,16,0,
3/31/2013,69,56,45,42,40,37,82,54,36,10,2,-,0,
4/1/2013,63,55,48,47,45,40,87,73,56,12,6,20,0,
4/2/2013,57,54,50,46,45,43,82,72,64,8,5,-,0,
4/3/2013,63,55,48,45,43,41,83,68,46,6,2,-,0,
4/4/2013,59,56,52,53,48,43,90,80,69,15,3,24,0.41,Rain
4/5/2013,57,54,50,49,48,46,89,80,65,14,11,26,0.44,Rain
4/6/2013,54,50,46,47,43,40,86,78,69,17,10,24,0.44,Rain
4/7/2013,48,44,42,42,40,37,87,82,80,12,6,-,0.96,Rain
4/8/2013,57,50,44,43,41,39,89,73,55,8,6,-,0.04,Rain
4/9/2013,55,49,44,41,40,38,85,68,57,8,6,-,0,
4/10/2013,61,54,48,49,44,39,88,69,51,15,10,25,0.15,Rain
4/11/2013,55,50,46,43,38,33,87,68,47,10,7,-,0.09,Rain
4/12/2013,48,44,43,43,38,34,93,77,63,15,6,33,0.18,Rain
4/13/2013,53,45,39,41,36,31,86,73,58,16,9,24,0.31,Rain
4/14/2013,55,46,39,39,36,29,93,71,40,8,4,-,0.06,Rain
4/15/2013,55,48,41,39,37,33,82,70,42,10,4,18,0,
4/16/2013,57,47,39,41,37,33,86,69,44,15,3,22,0.07,Rain
4/17/2013,60,49,39,40,36,32,79,61,36,12,6,-,0,
4/18/2013,53,49,46,47,41,36,86,74,63,14,8,21,0.18,Rain
4/19/2013,55,52,50,52,48,45,89,85,80,13,8,18,0.67,Rain
4/20/2013,57,52,48,45,43,41,83,72,59,12,7,20,0.01,Rain
4/21/2013,55,50,46,45,40,36,87,70,51,10,6,18,0.03,Rain
4/22/2013,61,51,41,40,32,15,86,54,18,13,3,20,0,
4/23/2013,64,50,37,37,32,22,79,51,22,10,3,17,0,
4/24/2013,70,54,39,42,35,27,83,49,21,8,2,-,0,
4/25/2013,73,60,46,43,37,32,71,46,26,6,1,-,0,
4/26/2013,69,58,48,49,45,42,87,66,43,8,2,-,0,
4/27/2013,57,55,53,47,42,35,77,63,47,16,9,25,0,Rain
4/28/2013,61,54,48,47,43,37,83,69,47,16,6,24,0.08,Rain
4/29/2013,57,50,45,46,40,32,87,71,40,13,7,16,0.15,Rain
4/30/2013,57,48,41,35,32,28,79,55,35,8,6,-,0,
5/1/2013,64,51,39,36,32,27,77,50,26,9,3,-,0,
5/2/2013,66,57,48,41,37,33,63,47,33,9,3,18,0,
5/3/2013,72,61,51,46,42,38,68,52,36,9,4,16,0,
5/4/2013,78,66,54,47,42,33,69,44,20,10,4,21,0,
5/5/2013,84,70,57,48,41,35,56,39,18,12,3,18,0,
5/6/2013,86,70,55,49,45,40,69,44,21,9,1,-,0,
5/7/2013,72,62,53,52,49,48,86,69,51,10,5,21,0,
5/8/2013,68,60,53,50,48,47,83,70,52,9,6,-,0,
5/9/2013,71,62,53,51,49,47,86,71,44,6,2,-,0,
5/10/2013,79,66,53,53,49,46,83,58,34,6,3,-,0,
5/11/2013,81,68,55,53,48,41,72,50,36,8,4,-,0,
5/12/2013,71,66,60,58,55,52,86,71,55,10,7,16,0.08,Rain
5/13/2013,66,59,52,55,50,40,88,75,55,16,8,29,0.11,"Rain , Thunderstorm"
5/14/2013,66,55,46,43,40,34,77,55,34,9,6,-,0,
5/15/2013,66,56,48,52,46,40,88,69,45,9,4,16,0.03,Rain
5/16/2013,71,62,55,52,49,40,88,66,33,8,4,-,0,Rain
5/17/2013,66,60,55,51,47,43,84,67,48,13,8,20,0.02,Rain
5/18/2013,63,58,54,48,45,43,77,63,50,10,6,-,0,
5/19/2013,64,60,55,48,46,44,75,63,47,6,2,-,0,
5/20/2013,69,60,51,48,46,43,83,67,40,7,2,16,0,
5/21/2013,61,54,48,49,44,41,87,74,52,10,5,18,0.39,Rain
5/22/2013,55,50,46,46,43,42,87,79,66,9,6,-,0.21,Rain
5/23/2013,57,52,46,45,43,41,87,75,57,12,3,-,0.08,Rain
5/24/2013,64,56,50,47,44,40,83,67,43,10,2,20,0.02,Rain
5/25/2013,64,58,52,48,45,41,80,66,46,9,6,-,0,Rain
5/26/2013,64,58,52,52,49,47,88,74,60,8,2,-,0.08,Rain
5/27/2013,63,58,53,55,52,49,88,80,72,9,4,-,0.2,Rain
5/28/2013,64,58,53,50,48,45,86,70,58,9,7,17,0.01,Rain
5/29/2013,64,57,51,48,47,44,88,71,56,14,3,24,0.17,Rain
5/30/2013,63,56,51,48,45,41,77,67,48,14,10,22,0,
5/31/2013,68,60,53,47,44,38,77,59,36,7,4,-,0,
6/1/2013,73,64,55,47,45,42,69,54,36,8,3,-,0,
6/2/2013,70,62,55,50,47,43,77,57,42,10,4,16,0,Rain
6/3/2013,73,63,53,51,49,47,83,67,44,8,4,-,0,
6/4/2013,78,66,55,51,48,43,77,53,30,10,3,-,0,
6/5/2013,78,68,59,53,50,45,63,52,37,9,2,-,0,
6/6/2013,80,68,57,51,47,42,77,50,29,7,2,-,0,
6/7/2013,69,62,57,53,48,42,70,57,43,12,5,-,0,
6/8/2013,69,62,55,49,46,45,67,58,47,8,3,-,0,
6/9/2013,68,62,55,47,45,42,72,59,43,8,3,-,0,
6/10/2013,70,62,53,47,44,41,66,54,35,7,4,-,0,
6/11/2013,68,60,52,45,44,41,72,57,42,15,9,23,0,Rain
6/12/2013,69,62,55,48,45,41,72,58,37,12,8,18,0,
6/13/2013,70,62,55,48,46,42,77,62,39,7,3,-,0,
6/14/2013,68,60,55,47,46,45,69,60,47,12,8,20,0,
6/15/2013,75,64,55,50,48,46,77,57,37,9,4,17,0,
6/16/2013,75,66,57,54,51,47,82,60,44,9,4,-,0,
6/17/2013,78,68,59,53,49,43,75,57,30,14,6,22,0,
6/18/2013,75,65,57,52,47,39,81,57,29,10,7,20,0,
6/19/2013,69,60,55,53,49,45,77,64,47,9,5,-,0,Rain
6/20/2013,64,60,55,52,50,47,88,73,58,13,7,17,0,Rain
6/21/2013,71,62,55,52,50,45,88,68,42,8,4,-,0.01,Rain
6/22/2013,79,66,55,53,51,47,84,57,36,6,1,-,0,
6/23/2013,72,67,62,61,55,49,94,69,56,8,3,-,0,Rain
6/24/2013,71,64,59,59,54,50,90,72,51,14,7,20,0.01,Rain
6/25/2013,75,66,59,58,55,49,87,72,41,18,5,30,0.01,"Rain , Thunderstorm"
6/26/2013,73,66,60,60,56,53,87,71,53,9,4,21,0.56,Rain
6/27/2013,72,68,63,61,59,53,87,75,63,5,0,-,0.13,Rain
6/28/2013,88,74,62,61,59,56,84,62,36,10,3,-,0,
6/29/2013,87,76,66,59,58,55,76,56,40,8,1,-,0,
6/30/2013,91,78,64,61,58,53,70,52,28,8,3,-,0,
7/1/2013,90,80,70,62,58,56,63,50,36,7,3,-,0,
7/2/2013,82,72,63,58,54,46,81,56,29,9,3,17,0,
7/3/2013,79,70,63,50,48,43,56,45,34,8,4,-,0,
7/4/2013,73,66,60,53,51,46,75,60,45,8,3,-,0,
7/5/2013,75,67,59,54,52,51,78,62,44,9,3,-,0,
7/6/2013,80,68,57,54,52,46,84,58,32,9,3,-,0,
7/7/2013,77,68,60,57,55,51,83,67,48,8,4,-,0,
7/8/2013,80,68,57,56,53,51,81,62,39,9,5,-,0,
7/9/2013,84,72,62,55,53,50,78,53,32,9,3,-,0,
7/10/2013,73,66,60,54,52,49,78,63,50,9,3,-,0,
7/11/2013,72,64,57,48,46,43,67,55,38,12,5,-,0,
7/12/2013,68,62,57,50,47,45,67,58,49,7,2,-,0,
7/13/2013,77,65,55,49,46,42,80,52,30,13,3,20,0,
7/14/2013,82,70,57,50,46,41,70,45,25,8,3,-,0,
7/15/2013,81,70,61,53,48,43,64,45,28,13,5,21,0,
7/16/2013,86,75,64,57,49,45,61,40,27,9,4,-,0,Rain
7/17/2013,73,68,62,57,54,52,78,63,49,12,7,20,0,Rain
7/18/2013,79,69,60,54,53,52,78,61,43,7,3,-,0,
7/19/2013,81,70,60,56,55,54,80,63,43,8,3,-,0,
7/20/2013,77,67,57,56,55,54,88,70,48,7,4,-,0,
7/21/2013,77,67,57,57,55,53,88,71,50,7,4,-,0,
7/22/2013,80,68,57,56,55,53,88,68,40,7,4,-,0,
7/23/2013,84,70,57,55,52,45,89,55,25,10,4,16,0,
7/24/2013,86,72,61,54,50,43,72,48,26,9,3,-,0,
7/25/2013,86,72,59,53,50,45,75,49,26,8,3,-,0,
7/26/2013,87,74,61,53,48,36,70,45,17,8,3,-,0,
7/27/2013,79,68,57,52,49,46,77,53,33,8,2,-,0,
7/28/2013,70,62,55,52,51,50,82,69,53,10,6,18,0,
7/29/2013,77,67,57,53,51,49,75,60,41,6,3,-,0,
7/30/2013,78,68,57,56,53,51,83,65,42,9,5,-,0,
7/31/2013,72,64,57,58,55,53,90,73,57,7,2,-,0,Thunderstorm
8/1/2013,69,63,57,54,53,52,83,71,57,13,7,18,0,
8/2/2013,64,62,60,57,55,53,84,77,72,10,6,-,0,Rain
8/3/2013,75,68,60,57,56,53,87,72,50,7,2,-,0,
8/4/2013,81,70,59,57,55,53,83,61,40,10,3,16,0,
8/5/2013,86,73,62,57,55,54,78,55,34,9,2,-,0,
8/6/2013,87,74,60,55,52,48,75,51,28,7,2,-,0,
8/7/2013,86,74,62,55,53,49,75,52,29,10,2,-,0,
8/8/2013,82,71,60,57,55,53,83,62,39,8,3,-,0,
8/9/2013,82,72,61,57,54,52,75,56,38,16,3,23,0,
8/10/2013,78,68,60,61,58,55,84,72,54,9,4,-,0,"Rain , Thunderstorm"
8/11/2013,78,68,60,55,53,50,78,62,41,9,4,-,0,
8/12/2013,79,70,62,54,53,51,75,58,39,6,3,-,0,
8/13/2013,82,71,60,55,52,48,75,54,30,8,3,-,0,
8/14/2013,82,72,62,61,55,52,81,61,36,10,2,17,0,Rain
8/15/2013,72,69,66,64,62,60,84,78,68,7,2,-,0,Rain
8/16/2013,84,74,63,62,58,49,90,68,29,7,2,-,0,
8/17/2013,79,71,64,58,55,53,70,58,46,12,6,-,0,
8/18/2013,80,70,61,56,54,50,78,60,45,10,4,16,0,
8/19/2013,80,72,64,55,52,49,73,55,43,10,3,-,0,
8/20/2013,77,68,62,52,48,45,63,49,36,13,4,21,0,
8/21/2013,80,69,59,52,50,47,69,50,38,12,2,18,0,
8/22/2013,82,72,62,54,51,49,65,48,33,8,2,-,0,
8/23/2013,78,68,62,56,54,51,78,62,45,12,7,20,0,
8/24/2013,75,69,63,55,53,49,75,59,40,8,4,-,0,
8/25/2013,73,67,62,56,52,49,70,59,45,8,2,-,0,
8/26/2013,78,70,64,58,55,47,78,66,34,13,5,24,0,Rain
8/27/2013,80,72,64,58,56,51,80,61,45,8,2,-,0,Rain
8/28/2013,81,71,62,63,59,56,88,67,47,6,2,-,0,Rain
8/29/2013,75,72,66,66,63,61,88,80,64,13,4,17,0.38,"Rain , Thunderstorm"
8/30/2013,80,71,63,61,55,49,81,60,35,9,6,-,0,
8/31/2013,79,69,60,56,55,53,82,62,42,13,3,-,0,
9/1/2013,82,72,61,57,55,52,82,61,41,7,3,-,0,
9/2/2013,82,73,64,56,54,52,73,55,38,7,2,-,0,
9/3/2013,75,70,64,61,59,54,88,73,48,6,2,-,0.12,Rain
9/4/2013,72,67,62,59,58,57,84,75,61,12,2,-,0,Rain
9/5/2013,69,65,62,61,58,56,88,80,68,10,2,-,0.46,"Rain , Thunderstorm"
9/6/2013,73,68,62,61,60,57,94,83,61,8,5,-,1.08,Rain
9/7/2013,73,68,64,59,58,56,84,73,55,7,2,-,0,Rain
9/8/2013,80,70,60,58,57,55,86,67,44,6,1,-,0.01,
9/9/2013,78,68,59,59,57,55,93,76,48,9,3,-,0,
9/10/2013,77,68,60,59,57,55,88,71,54,9,3,-,0,
9/11/2013,89,76,63,59,57,55,75,56,34,9,3,-,0,
9/12/2013,80,70,60,60,58,56,90,71,48,8,2,-,0,
9/13/2013,68,64,61,59,58,57,93,80,73,6,2,-,0,
9/14/2013,71,66,62,59,57,57,82,75,64,6,2,-,0,
9/15/2013,68,64,59,61,58,55,90,84,73,9,4,-,0.21,"Rain , Thunderstorm"
9/16/2013,72,66,62,57,55,51,81,72,59,13,7,21,0,
9/17/2013,64,62,60,52,50,46,75,65,50,7,3,-,0,
9/18/2013,71,64,57,53,50,47,81,65,42,10,5,-,0,
9/19/2013,79,66,53,51,48,44,80,59,30,6,1,-,0,
9/20/2013,75,64,55,57,51,49,84,66,42,10,7,-,0.15,Rain
9/21/2013,71,64,57,56,53,50,88,72,51,8,5,-,0.01,
9/22/2013,63,60,57,54,52,49,84,76,65,17,10,28,0.37,Rain
9/23/2013,63,59,55,53,51,49,88,75,65,12,9,20,0.08,Rain
9/24/2013,64,58,52,50,47,42,86,73,46,14,6,20,0.01,
9/25/2013,63,56,48,49,47,43,86,74,50,14,3,-,0.04,Rain
9/26/2013,64,54,44,48,45,41,87,75,53,8,4,-,0.01,Fog
9/27/2013,59,56,52,51,48,45,83,75,67,15,10,23,0.05,Rain
9/28/2013,63,59,55,57,53,48,90,82,74,20,10,34,1.21,Rain
9/29/2013,57,56,55,52,48,45,83,75,67,18,14,34,0.62,Rain
9/30/2013,60,55,51,52,47,43,83,76,69,18,13,28,0.63,Rain
10/1/2013,60,54,48,48,45,43,83,75,55,15,10,20,0.08,Rain
10/2/2013,57,53,51,47,46,45,86,77,67,12,7,18,0.19,Rain
10/3/2013,59,52,48,47,46,42,86,77,58,6,3,-,0.02,Rain
10/4/2013,66,53,42,47,43,39,93,77,40,4,0,-,0.01,Fog
10/5/2013,69,56,44,48,45,42,93,71,39,7,2,-,0,Fog
10/6/2013,73,58,44,50,46,40,93,69,31,8,3,-,0.04,Rain
10/7/2013,62,58,54,51,47,43,86,73,54,15,10,23,0.1,Rain
10/8/2013,57,52,46,47,44,39,86,72,57,9,5,18,0.39,"Rain , Thunderstorm"
10/9/2013,60,49,41,44,41,37,89,76,53,6,1,-,0,
10/10/2013,61,53,46,49,45,41,86,75,58,8,3,-,0.03,Rain
10/11/2013,57,54,51,49,48,44,89,81,64,5,1,-,0.53,Rain
10/12/2013,59,52,46,48,46,44,90,78,64,8,2,-,0.06,Rain
10/13/2013,59,52,44,45,44,41,93,80,58,6,1,-,0,
10/14/2013,61,50,41,45,43,37,96,81,51,6,1,-,0.01,Fog
10/15/2013,61,52,44,47,45,41,100,84,57,5,1,-,0,Fog
10/16/2013,55,50,46,48,46,44,90,81,69,7,2,-,0,
10/17/2013,57,52,46,47,46,42,86,79,67,6,1,-,0.01,
10/18/2013,55,50,46,47,45,42,93,86,74,6,1,-,0,Fog
10/19/2013,52,48,44,46,45,43,93,88,80,4,1,-,0,Fog
10/20/2013,52,50,48,46,45,44,87,83,76,6,2,-,0,
10/21/2013,54,50,48,47,46,44,89,84,77,5,2,-,0,
10/22/2013,55,51,48,47,46,46,93,86,77,6,2,-,0,Fog
10/23/2013,57,52,46,47,46,44,93,89,69,5,1,-,0.01,Fog
10/24/2013,51,48,46,47,46,44,93,90,82,5,1,-,0.01,Fog
10/25/2013,54,49,44,47,46,42,93,86,75,8,3,-,0,
10/26/2013,54,49,44,46,44,42,93,77,66,5,1,-,0.01,Fog
10/27/2013,57,52,48,47,44,42,87,76,56,13,5,23,0.06,Rain
10/28/2013,57,52,45,44,35,28,90,57,33,16,3,26,0,
10/29/2013,57,46,36,37,34,31,86,67,44,7,3,-,0,
10/30/2013,59,48,39,46,38,34,82,67,54,10,7,20,0.01,Rain
10/31/2013,57,53,51,50,47,41,86,78,64,9,5,-,0.01,Rain
11/1/2013,63,58,53,52,48,43,88,74,50,7,2,-,0,Rain
11/2/2013,57,52,46,50,43,36,89,72,57,28,11,43,0.38,Rain
11/3/2013,53,46,39,40,37,33,89,72,47,7,4,-,0.02,Rain
11/4/2013,51,44,36,39,36,32,97,71,48,5,1,-,0.01,Rain
11/5/2013,55,50,44,48,44,39,93,80,64,12,4,18,0.05,Rain
11/6/2013,54,50,46,47,44,42,86,78,64,8,1,-,0.09,Rain
11/7/2013,53,52,50,47,45,43,87,80,71,21,10,31,0.94,Rain
11/8/2013,55,50,44,44,42,39,82,70,59,10,7,17,0,
11/9/2013,52,46,41,44,41,37,89,79,61,4,1,-,0.09,Rain
11/10/2013,52,50,48,45,43,42,83,77,69,7,2,-,0,Rain
11/11/2013,60,52,43,44,42,39,89,75,55,5,1,-,0,
11/12/2013,60,54,48,51,47,43,86,78,67,10,6,17,0.14,Rain
11/13/2013,57,54,51,48,46,44,88,74,62,13,7,-,0,
11/14/2013,52,48,44,46,43,39,87,81,74,7,2,-,0.01,Rain
11/15/2013,51,48,44,45,41,38,87,78,71,20,8,32,0.08,Rain
11/16/2013,50,44,39,39,36,34,82,68,57,12,6,21,0,
11/17/2013,53,49,45,46,42,37,83,76,68,14,8,23,0.05,Rain
11/18/2013,55,51,48,50,47,44,93,85,80,15,7,21,0.8,Rain
11/19/2013,55,49,41,50,38,20,86,70,40,14,8,25,0.11,Rain
11/20/2013,46,42,36,28,25,20,67,54,35,9,4,-,0,
11/21/2013,46,40,33,28,25,22,79,61,42,6,2,-,0,
11/22/2013,46,40,33,29,27,26,75,63,46,9,2,-,0,
11/23/2013,50,40,30,36,31,26,86,73,52,5,1,-,0.08,
11/24/2013,50,40,30,40,34,27,89,82,68,5,1,-,0,
11/25/2013,55,44,33,40,35,30,93,82,51,7,3,-,0,Fog
11/26/2013,55,44,33,41,36,32,97,82,55,7,2,-,0,"Fog , Rain"
11/27/2013,55,47,39,41,39,35,86,74,55,6,1,-,0,
11/28/2013,45,40,35,43,37,33,93,91,86,7,1,-,0,Fog
11/29/2013,48,44,39,45,41,36,93,86,76,8,3,-,0.01,Fog
11/30/2013,53,49,45,47,44,41,90,81,71,13,7,18,0.06,Rain
12/1/2013,55,52,46,50,46,36,88,76,63,20,13,36,0.03,Rain
12/2/2013,46,42,37,34,32,29,86,69,56,9,5,-,0.11,Rain
12/3/2013,41,36,32,28,23,20,79,57,43,12,7,22,0.01,
12/4/2013,39,32,26,26,23,21,82,70,47,5,2,-,0,
12/5/2013,35,30,24,22,18,12,81,63,44,9,3,-,0,
12/6/2013,35,31,27,14,8,6,54,39,31,8,3,-,0,
12/7/2013,32,25,18,9,5,-2,62,43,23,6,2,-,0,
12/8/2013,34,26,18,16,13,8,69,58,44,8,5,-,0,
12/9/2013,34,28,21,24,18,12,71,61,50,8,4,-,0,Snow
12/10/2013,41,37,32,32,29,24,85,72,65,8,4,-,0,
12/11/2013,42,35,28,34,30,25,93,83,65,6,2,-,0,Fog
12/12/2013,43,38,32,39,35,29,96,89,70,13,6,-,0.22,"Fog , Rain"
12/13/2013,50,46,42,46,43,39,93,86,80,9,6,-,0.01,
12/14/2013,50,47,44,43,42,40,93,82,74,13,7,-,0,
12/15/2013,53,50,48,47,45,42,89,83,76,14,9,-,0.03,Rain
12/16/2013,50,46,42,44,42,39,93,85,74,6,2,-,0,Fog
12/17/2013,48,44,39,43,39,37,97,86,73,12,5,-,0,
12/18/2013,46,42,39,41,36,29,87,74,53,9,4,-,0.04,Rain
12/19/2013,41,36,32,33,27,18,85,68,40,9,3,-,0,
12/20/2013,45,39,33,42,33,25,93,85,70,15,8,28,0.1,"Rain , Snow"
12/21/2013,48,45,42,44,41,37,93,87,81,6,2,-,0.22,Rain
12/22/2013,52,49,46,48,46,44,93,88,80,12,7,20,0.21,Rain
12/23/2013,55,50,44,47,43,37,86,76,57,17,11,31,0.01,Rain
12/24/2013,48,42,36,39,36,33,89,80,68,6,2,-,0,
12/25/2013,44,39,34,36,34,31,97,87,68,4,0,-,0,Fog
12/26/2013,45,39,33,37,35,32,96,88,74,6,1,-,0,Fog
12/27/2013,48,40,33,43,36,30,96,89,71,14,2,23,0.03,"Fog , Rain"
12/28/2013,48,42,35,43,40,34,93,87,77,5,1,-,0,Fog
12/29/2013,46,42,37,38,37,35,93,87,73,7,3,-,0,Fog
12/30/2013,46,42,39,41,39,37,93,84,74,9,3,23,0.02,Rain
12/31/2013,48,44,39,43,41,37,93,83,74,10,4,-,0.01,Fog
1/1/2014,46,44,41,41,40,37,93,86,76,5,1,-,0.01,"Fog , Rain"
1/2/2014,53,48,44,45,42,39,89,80,59,13,5,21,0.53,Rain
1/3/2014,48,44,37,39,36,33,89,75,56,15,5,-,0.03,Rain
1/4/2014,46,40,34,36,33,30,93,81,58,7,2,-,0,
1/5/2014,46,38,30,33,30,27,88,77,59,6,1,-,0,Fog
1/6/2014,44,37,30,35,32,27,85,77,63,10,3,-,0,
1/7/2014,48,44,41,45,41,36,93,87,81,14,4,-,0.34,Rain
1/8/2014,51,48,46,46,44,38,93,84,71,15,8,29,0.44,Rain
1/9/2014,50,46,43,44,40,36,86,76,68,20,10,32,0.09,Rain
1/10/2014,50,49,48,46,42,40,90,76,68,20,14,38,0.15,Rain
1/11/2014,59,52,45,48,41,37,82,74,62,24,16,41,0.91,Rain
1/12/2014,53,48,42,46,41,35,82,74,63,16,10,30,0.02,Rain
1/13/2014,53,52,51,46,45,43,80,76,71,24,14,40,0.01,
1/14/2014,53,50,48,46,45,45,87,81,72,9,4,-,0,
1/15/2014,52,48,45,45,42,41,87,80,66,8,2,-,0,
1/16/2014,45,44,42,41,39,39,89,85,80,6,3,-,0,
1/17/2014,44,42,39,38,37,36,93,86,76,9,4,-,0,
1/18/2014,48,40,33,39,35,30,93,84,71,15,5,-,0,
1/19/2014,44,40,37,40,38,35,93,87,79,8,1,-,0,
1/20/2014,48,42,36,38,36,32,86,77,64,6,2,-,0,
1/21/2014,50,41,32,40,36,30,93,83,61,12,4,-,0,Fog
1/22/2014,50,48,45,43,41,38,90,80,71,8,4,-,0,
1/23/2014,50,46,39,39,37,35,86,76,63,9,4,17,0,
1/24/2014,52,42,33,40,36,32,93,83,63,7,1,-,0,Fog
1/25/2014,54,44,33,39,36,32,97,86,55,8,2,-,0,Fog
1/26/2014,45,40,34,38,36,30,93,87,71,9,1,-,0,Fog
1/27/2014,48,40,36,38,36,34,93,86,58,7,2,-,0,Fog
1/28/2014,52,48,44,45,41,37,93,77,61,6,2,-,0.35,Rain
1/29/2014,53,50,46,48,44,41,93,85,77,12,5,20,0.77,Rain
1/30/2014,48,46,44,40,37,36,77,71,63,15,11,24,0.01,
1/31/2014,46,44,42,40,36,29,89,74,56,8,5,-,0.03,Rain
2/1/2014,46,42,37,39,36,32,93,81,65,5,1,-,0.02,"Fog , Rain"
2/2/2014,46,40,34,36,31,20,93,73,43,9,2,-,0,Fog
2/3/2014,41,38,35,25,19,13,62,46,32,15,6,24,0,
2/4/2014,37,32,27,22,16,5,75,50,33,12,3,-,0,
2/5/2014,32,26,21,6,1,-4,45,34,23,15,8,22,0,
2/6/2014,30,26,21,12,2,-3,53,36,25,14,3,21,0,
2/7/2014,37,31,25,18,16,13,69,55,38,8,5,16,0,
2/8/2014,43,38,32,30,22,12,87,60,32,20,4,24,0.09,Snow
2/9/2014,39,36,33,36,32,27,93,84,73,7,1,-,0.01,"Rain , Snow"
2/10/2014,51,44,37,45,40,34,93,85,77,18,6,26,0.54,Rain
2/11/2014,54,49,44,46,43,39,86,79,62,14,8,21,0.75,Rain
2/12/2014,55,50,46,47,41,35,89,70,49,22,10,32,0.14,Rain
2/13/2014,55,50,46,45,39,34,80,65,44,16,10,29,0,Rain
2/14/2014,54,48,41,45,41,35,86,74,61,18,9,28,0.41,Rain
2/15/2014,52,44,37,46,38,34,89,80,68,18,5,38,0.51,Rain
2/16/2014,48,44,41,41,37,34,82,73,56,22,11,34,1.41,Rain
2/17/2014,48,44,41,40,38,34,89,76,63,17,12,25,0.44,Rain
2/18/2014,50,46,43,43,39,33,86,77,63,21,11,30,0.62,Rain
2/19/2014,48,44,41,37,35,33,81,71,56,15,9,23,0.02,Rain
2/20/2014,51,47,43,41,38,33,81,70,54,17,11,28,0.03,Rain
2/21/2014,45,42,39,39,36,34,93,78,70,9,4,-,0.23,Rain
2/22/2014,43,40,37,37,35,32,87,81,65,12,4,-,0.09,Rain
2/23/2014,46,42,39,40,37,34,89,79,63,10,6,-,0.18,Rain
2/24/2014,44,42,39,41,38,36,93,87,81,8,4,-,0.39,Rain
2/25/2014,51,46,42,39,37,36,86,73,61,8,4,-,0,
2/26/2014,59,49,39,39,35,28,79,61,34,6,2,-,0,
2/27/2014,55,50,44,40,37,35,76,63,51,5,1,-,0,
2/28/2014,55,50,44,41,35,24,82,58,37,13,3,22,0,
3/1/2014,46,44,41,30,27,25,65,53,46,16,4,21,0.01,Rain
3/2/2014,51,44,37,46,37,29,89,83,65,15,8,26,0.7,Rain
3/3/2014,57,52,48,49,45,41,90,78,57,15,10,24,0.37,Rain
3/4/2014,55,50,44,50,46,41,90,84,72,17,6,25,0.41,Rain
3/5/2014,59,55,51,53,50,47,92,83,72,17,4,33,1.44,Rain
3/6/2014,57,54,51,48,45,44,83,74,64,20,12,33,0.21,Rain
3/7/2014,61,54,48,45,42,38,77,66,44,15,10,22,0,
3/8/2014,55,50,45,51,44,37,89,81,66,14,2,23,1.12,Rain
3/9/2014,60,55,50,51,47,46,89,78,62,14,8,24,0.26,Rain
3/10/2014,55,50,45,46,44,37,90,79,62,8,3,-,0.44,Rain
3/11/2014,57,50,42,41,38,32,89,68,40,8,3,-,0,
3/12/2014,63,49,36,40,37,33,93,68,37,9,1,-,0,Fog
3/13/2014,59,50,44,45,39,36,82,68,47,9,2,-,0,Rain
3/14/2014,60,54,46,48,44,37,88,72,47,16,10,26,0.11,Rain
3/15/2014,62,53,45,50,43,38,83,70,51,13,5,25,0.2,Rain
3/16/2014,54,49,43,49,44,38,87,83,74,12,7,20,1.09,Rain
3/17/2014,53,46,39,39,35,30,86,68,43,9,5,-,0.01,
3/18/2014,52,46,42,44,38,34,82,73,66,10,6,-,0.01,
3/19/2014,54,48,39,43,40,32,83,74,61,16,9,31,0,Rain
3/20/2014,54,44,37,36,32,26,79,63,37,9,6,-,0,Rain
3/21/2014,52,46,39,36,33,29,79,63,46,9,4,17,0,
3/22/2014,54,44,34,36,31,26,85,61,35,6,2,-,0,
3/23/2014,55,50,44,37,35,32,73,59,45,7,3,-,0,
3/24/2014,68,56,44,39,36,32,73,51,26,9,2,-,0,
3/25/2014,59,54,46,47,41,30,80,64,36,18,7,32,0.22,Rain
3/26/2014,54,48,42,45,41,37,85,76,62,9,4,-,0.06,Rain
3/27/2014,57,50,46,43,42,40,86,75,59,10,4,20,0.03,Rain
3/28/2014,55,50,46,49,44,40,86,80,74,13,6,20,0.51,Rain
3/29/2014,55,50,45,45,43,41,90,78,62,16,9,29,0.63,Rain
3/30/2014,55,50,45,43,39,36,82,70,52,16,12,23,0.02,
3/31/2014,61,48,37,40,37,34,89,66,44,13,3,21,0,
4/1/2014,60,52,45,42,39,36,80,62,46,9,2,-,0,
4/2/2014,61,52,45,41,38,33,80,62,36,10,8,17,0,
4/3/2014,59,51,45,45,40,35,80,70,42,18,7,24,0.11,Rain
4/4/2014,57,51,45,43,40,37,87,69,49,12,8,21,0,Rain
4/5/2014,55,52,48,48,45,43,87,78,67,14,6,21,0.08,Rain
4/6/2014,60,55,50,47,44,41,77,68,58,9,5,-,0,
4/7/2014,72,62,52,49,47,39,83,61,30,10,5,-,0,
4/8/2014,63,56,48,52,47,45,86,76,62,12,8,22,0.37,Rain
4/9/2014,59,51,45,43,39,34,86,62,41,6,1,-,0.01,
4/10/2014,60,52,46,40,38,34,71,58,41,7,2,-,0,
4/11/2014,64,54,44,44,41,39,82,62,43,7,2,-,0,
4/12/2014,62,54,48,42,40,36,77,60,44,14,5,18,0,
4/13/2014,70,58,46,40,36,25,79,49,18,10,2,-,0,
4/14/2014,70,56,42,43,37,30,76,51,26,13,3,-,0,
4/15/2014,61,54,48,43,39,36,71,59,42,13,7,18,0.01,Rain
4/16/2014,55,52,50,49,47,43,86,81,71,16,10,21,0.41,Rain
4/17/2014,57,52,48,50,48,41,89,82,74,14,9,20,0.7,Rain
4/18/2014,60,52,44,40,37,30,76,62,33,12,6,16,0,
4/19/2014,55,50,45,47,42,37,83,74,55,16,6,28,0.36,Rain
4/20/2014,63,52,44,42,39,33,83,59,38,12,7,18,0,
4/21/2014,64,56,48,45,42,41,87,67,45,16,6,-,0.14,Rain
4/22/2014,57,50,44,43,40,38,83,74,49,16,6,22,0.53,Rain
4/23/2014,55,50,45,47,42,40,87,75,62,14,9,21,0.22,Rain
4/24/2014,60,54,48,49,44,38,86,71,53,15,11,24,0.3,Rain
4/25/2014,59,52,45,40,38,35,82,61,41,10,4,-,0.05,
4/26/2014,61,52,45,45,38,31,83,63,35,12,7,23,0.18,Rain
4/27/2014,55,50,46,43,40,39,82,69,55,17,10,25,0,Rain
4/28/2014,63,52,42,41,37,30,82,58,31,9,6,-,0,
4/29/2014,79,64,50,44,38,28,71,42,16,9,2,-,0,
4/30/2014,81,68,54,47,42,37,67,43,21,12,3,18,0,
5/1/2014,88,71,55,47,43,34,67,40,15,9,2,-,0,
5/2/2014,69,63,55,52,48,39,70,59,35,12,8,20,0,Rain
5/3/2014,63,56,51,50,47,43,89,75,52,10,7,22,1.19,Rain
5/4/2014,60,56,51,51,48,46,89,78,64,14,8,21,0.26,Rain
5/5/2014,60,56,51,51,48,46,83,77,62,13,8,17,0.24,Rain
5/6/2014,64,57,51,46,44,40,77,63,44,9,5,-,0,
5/7/2014,68,56,46,47,43,40,80,61,37,9,3,-,0,
5/8/2014,59,54,51,53,47,41,88,75,57,15,7,25,0.32,Rain
5/9/2014,57,52,48,46,44,42,87,73,59,15,11,26,0.07,Rain
5/10/2014,61,54,48,46,44,41,87,70,48,7,5,-,0,
5/11/2014,68,57,48,46,44,41,86,63,40,7,1,-,0.01,
5/12/2014,79,65,52,48,41,25,80,48,14,8,2,-,0,
5/13/2014,80,70,59,48,45,40,60,43,25,9,3,-,0,
5/14/2014,81,70,60,50,48,46,69,47,33,9,2,-,0,
5/15/2014,81,72,61,52,48,33,67,47,26,13,2,21,0,
5/16/2014,69,62,55,50,48,46,75,61,47,12,8,16,0,
5/17/2014,69,62,57,49,47,45,74,61,43,9,5,-,0,
5/18/2014,68,60,54,52,49,46,80,69,47,12,3,21,0.04,Rain
5/19/2014,71,62,53,50,46,42,83,58,36,9,5,-,0,
5/20/2014,72,64,55,51,48,46,77,61,40,7,3,-,0,
5/21/2014,69,62,55,51,47,46,72,62,45,6,1,-,0,
5/22/2014,75,66,57,54,52,50,77,61,43,8,2,-,0,
5/23/2014,71,64,59,57,54,51,84,73,57,14,5,22,0.16,Rain
5/24/2014,66,60,55,50,49,48,77,67,52,8,4,-,0,
5/25/2014,62,58,55,52,50,47,87,75,60,9,2,-,0.27,Rain
5/26/2014,66,60,55,52,47,42,88,65,42,13,7,22,0.01,
5/27/2014,68,61,54,46,42,36,69,52,31,9,3,-,0,Rain
5/28/2014,66,60,53,48,46,42,80,64,43,10,4,18,0.03,Rain
5/29/2014,66,60,55,47,46,44,72,63,47,15,9,20,0,
5/30/2014,69,60,52,48,45,39,74,57,33,14,3,22,0,
5/31/2014,75,63,51,50,47,45,80,55,37,7,2,-,0,
6/1/2014,73,64,54,51,49,47,77,61,41,8,5,-,0,
6/2/2014,77,65,55,56,52,49,84,66,46,8,1,-,0,
6/3/2014,66,60,53,50,48,46,77,65,54,10,8,-,0,
6/4/2014,68,60,53,51,49,47,80,67,52,12,4,-,0,
6/5/2014,73,64,54,51,46,39,80,56,31,10,2,-,0,
6/6/2014,78,65,53,48,43,32,74,48,20,10,2,-,0,
6/7/2014,75,66,57,51,50,44,77,57,33,9,4,-,0,
6/8/2014,75,66,57,55,53,51,82,65,46,7,2,-,0,
6/9/2014,70,62,57,52,48,42,75,59,40,14,4,-,0,
6/10/2014,68,60,55,49,47,43,70,59,49,7,2,-,0,
6/11/2014,75,65,55,50,47,43,77,53,32,12,2,-,0,
6/12/2014,72,64,57,52,50,47,78,64,44,16,5,29,0,Rain
6/13/2014,63,59,55,53,49,43,88,73,55,14,8,22,0.03,Rain
6/14/2014,64,60,55,54,49,44,88,69,54,12,6,-,0,Rain
6/15/2014,66,58,52,52,49,46,84,73,58,12,4,18,0.01,Rain
6/16/2014,66,58,51,49,45,39,83,65,39,7,5,-,0.11,Rain
6/17/2014,66,58,53,51,49,46,86,71,54,10,7,-,0.05,Rain
6/18/2014,69,62,55,50,47,46,72,62,49,12,6,20,0,
6/19/2014,78,66,55,54,51,49,77,61,39,12,6,36,0,Rain
6/20/2014,69,62,55,55,47,42,82,64,42,10,6,18,0,Rain
6/21/2014,73,62,53,44,41,35,69,46,28,10,4,18,0,
6/22/2014,77,66,55,48,44,38,72,46,24,9,2,-,0,
6/23/2014,80,70,61,55,49,44,78,52,37,9,2,-,0,Rain
6/24/2014,78,68,60,56,54,51,82,67,42,9,4,-,0,
6/25/2014,78,70,62,56,55,52,78,62,43,10,3,17,0,
6/26/2014,73,68,61,59,54,47,78,65,54,14,6,23,0,Rain
6/27/2014,73,66,59,56,54,49,81,69,51,14,7,22,0,Rain
6/28/2014,71,65,59,57,54,49,87,70,53,14,9,20,0,Rain
6/29/2014,71,64,57,53,51,49,78,63,49,12,7,18,0,
6/30/2014,78,66,57,53,52,51,78,60,42,12,3,18,0,
7/1/2014,91,76,63,54,52,50,70,45,26,13,4,17,0,
7/2/2014,82,73,63,56,53,49,67,54,33,9,5,21,0,
7/3/2014,72,66,60,53,50,45,70,58,47,9,5,-,0,
7/4/2014,75,68,60,51,48,47,70,54,40,7,2,-,0,
7/5/2014,77,68,61,53,51,47,72,56,39,10,4,-,0,
7/6/2014,86,74,63,59,56,51,70,55,36,12,4,16,0,
7/7/2014,81,74,66,61,60,57,79,65,45,9,4,-,0,
7/8/2014,86,74,63,57,56,52,78,54,37,10,4,17,0,
7/9/2014,82,72,64,56,53,50,68,53,36,7,2,-,0,
7/10/2014,84,70,57,55,52,45,88,53,27,9,4,-,0,
7/11/2014,88,74,60,55,53,50,80,48,27,10,3,16,0,
7/12/2014,90,77,64,57,54,49,73,47,29,9,2,-,0,
7/13/2014,86,74,64,61,55,52,68,50,37,8,3,-,0,Rain
7/14/2014,87,74,63,60,57,54,78,60,34,16,8,-,0,
7/15/2014,88,74,60,59,56,53,83,61,33,8,2,-,0,
7/16/2014,90,75,61,57,54,51,78,52,27,10,4,-,0,
7/17/2014,81,70,60,55,53,52,78,62,36,10,7,21,0,
7/18/2014,78,66,57,57,52,50,78,60,43,9,6,-,0,
7/19/2014,80,71,62,60,58,55,84,69,50,15,7,22,0,
7/20/2014,68,63,60,56,53,50,78,69,54,8,4,-,0,
7/21/2014,77,68,60,53,50,46,72,55,35,7,3,-,0,Rain
7/22/2014,73,66,59,56,54,52,78,67,57,6,1,-,0,
7/23/2014,66,63,60,61,57,51,88,81,68,14,4,17,0,Rain
7/24/2014,69,63,57,57,53,50,84,70,57,10,6,16,0,Rain
7/25/2014,75,65,57,53,51,49,81,58,43,8,3,-,0,
7/26/2014,80,70,59,53,51,49,75,55,35,8,2,-,0,
7/27/2014,82,72,62,54,52,50,67,51,35,12,4,17,0,
7/28/2014,88,74,62,54,52,47,72,48,25,10,3,16,0,
7/29/2014,84,74,63,55,53,50,70,48,31,10,2,-,0,
7/30/2014,84,74,63,57,52,45,78,50,25,10,3,16,0,
7/31/2014,86,75,64,54,49,43,56,41,24,13,4,18,0,
8/1/2014,84,73,64,55,51,48,59,45,34,10,3,18,0,
8/2/2014,82,73,64,58,55,53,73,54,37,6,2,-,0,
8/3/2014,88,74,62,58,56,52,80,54,30,9,3,-,0,
8/4/2014,91,77,64,56,53,45,68,46,21,9,3,-,0,
8/5/2014,80,70,60,57,55,53,80,63,45,13,5,-,0,
8/6/2014,82,72,62,58,56,53,84,63,41,8,4,-,0,
8/7/2014,81,70,60,55,53,49,81,58,39,8,3,-,0,
8/8/2014,79,70,61,53,50,44,75,51,29,8,3,-,0,
8/9/2014,81,72,63,52,49,45,60,46,28,10,3,20,0,
8/10/2014,86,72,61,55,53,49,72,49,34,10,2,-,0,
8/11/2014,95,80,66,65,55,53,69,45,27,8,2,-,0,Rain
8/12/2014,82,75,68,64,58,52,84,61,38,12,4,-,0,Rain
8/13/2014,75,68,62,62,59,57,88,76,59,12,6,21,0,Rain
8/14/2014,72,67,62,59,58,57,86,76,61,6,1,-,0,Rain
8/15/2014,78,70,64,62,60,58,88,74,54,9,3,-,0,Rain
8/16/2014,78,71,64,59,58,57,78,67,50,8,3,-,0,
8/17/2014,82,71,61,59,57,56,83,64,44,8,4,-,0,
8/18/2014,84,74,63,60,58,54,73,60,43,12,4,18,0,
8/19/2014,84,74,64,61,57,50,70,58,42,9,3,-,0,
8/20/2014,73,66,61,53,51,50,72,59,49,13,7,20,0,
8/21/2014,73,64,57,52,51,49,82,65,47,8,5,-,0,
8/22/2014,77,68,59,56,53,52,78,61,42,12,2,18,0,
8/23/2014,84,72,60,56,54,51,83,57,32,6,2,-,0,
8/24/2014,79,68,60,56,54,50,80,62,41,8,2,-,0,
8/25/2014,82,71,60,56,53,49,78,53,33,10,2,16,0,
8/26/2014,89,76,64,58,53,46,70,48,23,6,2,-,0,
8/27/2014,88,76,66,58,56,50,68,52,28,6,1,-,0,
8/28/2014,77,68,61,59,57,55,81,66,53,9,5,-,0,
8/29/2014,75,66,60,58,55,51,84,67,49,9,5,16,0,
8/30/2014,68,65,61,61,57,52,88,79,65,9,2,-,0,Rain
8/31/2014,73,66,59,57,54,50,90,71,46,8,5,-,0,Rain
9/1/2014,77,66,57,55,53,51,81,63,45,9,4,-,0,Rain
9/2/2014,70,64,57,56,54,52,88,70,53,16,4,29,0,Rain
9/3/2014,72,64,57,52,50,47,82,66,42,6,3,-,0,
9/4/2014,73,64,55,54,52,49,88,66,48,12,3,17,0,
9/5/2014,82,72,61,55,53,50,75,57,32,10,4,17,0,
9/6/2014,88,74,60,54,51,40,75,50,19,10,2,-,0,
9/7/2014,87,72,57,55,51,41,81,54,20,8,3,-,0,
9/8/2014,72,66,60,60,55,52,83,74,55,10,6,-,0,Rain
9/9/2014,73,66,59,55,52,50,78,65,46,10,5,16,0,
9/10/2014,72,64,57,54,46,26,87,59,18,9,3,20,0,
9/11/2014,78,66,54,41,35,29,62,35,17,7,2,-,0,
9/12/2014,75,65,55,43,38,30,59,38,19,14,3,20,0,
9/13/2014,82,68,54,47,43,34,72,43,18,9,2,-,0,
9/14/2014,82,67,52,50,45,38,80,47,20,8,2,-,0,
9/15/2014,87,70,55,53,47,41,77,49,20,6,1,-,0,
9/16/2014,75,68,60,55,53,49,78,64,48,10,5,-,0,
9/17/2014,73,68,63,59,55,54,75,67,55,9,3,16,0,Rain
9/18/2014,72,66,62,59,57,56,84,75,61,13,4,16,0,Rain
9/19/2014,78,70,64,57,56,52,75,63,42,12,6,-,0,
9/20/2014,73,66,60,56,55,53,83,68,53,12,3,17,0,
9/21/2014,82,70,57,57,55,53,88,63,38,10,3,-,0,
9/22/2014,73,68,64,57,55,53,75,63,49,10,6,18,0,
9/23/2014,70,65,61,61,59,54,87,79,68,8,4,-,0,Rain
9/24/2014,69,65,61,61,58,56,90,81,68,12,7,16,0.66,Rain
9/25/2014,73,66,61,58,56,51,87,76,49,15,4,24,0.27,Rain
9/26/2014,72,64,59,57,55,53,88,74,57,12,7,22,0.09,Rain
9/27/2014,70,63,57,55,53,50,88,72,52,12,2,-,0,
9/28/2014,66,62,55,54,53,51,84,77,65,7,1,-,0,
9/29/2014,64,58,53,58,54,50,94,83,70,12,5,18,0,"Fog , Rain"
9/30/2014,64,62,55,55,51,48,87,72,51,8,5,-,0,Rain
10/1/2014,66,62,55,52,49,44,88,69,50,8,3,-,0,
10/2/2014,68,61,54,49,46,39,80,60,35,10,2,-,0,
10/3/2014,72,61,51,51,48,44,83,63,38,7,1,-,0,
10/4/2014,73,64,57,54,52,50,81,67,51,6,1,-,0,
10/5/2014,73,64,55,57,54,51,88,74,57,7,1,-,0,
10/6/2014,77,68,59,59,57,54,88,73,52,7,1,-,0,
10/7/2014,68,62,57,58,57,55,90,83,70,9,2,-,0,
10/8/2014,68,62,57,57,55,54,90,80,65,10,3,-,0,
10/9/2014,64,60,57,56,54,52,90,82,68,6,1,-,0,
10/10/2014,68,58,51,56,53,48,94,80,61,15,6,21,0,"Fog , Rain"
10/11/2014,66,60,55,56,54,51,87,78,59,14,7,24,0,Rain
10/12/2014,66,60,55,54,52,50,88,75,56,8,5,-,0,Rain
10/13/2014,71,62,54,55,51,46,87,68,46,13,4,21,0,Rain
10/14/2014,63,59,55,52,51,50,88,78,63,10,5,17,0.11,Rain
10/15/2014,62,58,54,53,50,46,87,77,67,18,7,25,0.45,Rain
10/16/2014,71,61,52,49,46,42,83,61,36,9,4,-,0,Rain
10/17/2014,64,60,57,55,51,41,87,72,46,8,3,-,0.14,Rain
10/18/2014,68,64,59,59,57,55,90,83,68,10,4,-,0.31,Rain
10/19/2014,73,64,55,57,55,53,94,74,52,10,3,18,0,
10/20/2014,66,60,55,57,54,50,90,78,67,12,5,-,0.44,Rain
10/21/2014,64,58,55,52,49,46,87,70,58,15,8,21,0.1,Rain
10/22/2014,60,58,57,55,53,48,88,81,67,14,8,22,1.43,Rain
10/23/2014,62,55,50,49,47,44,86,76,62,15,9,22,0.35,Rain
10/24/2014,60,56,51,50,47,44,86,75,60,8,4,-,0.13,Rain
10/25/2014,64,58,52,53,49,44,87,78,58,24,6,41,0.37,Rain
10/26/2014,59,52,48,48,44,42,86,71,62,20,12,30,0.05,Rain
10/27/2014,62,54,45,46,43,41,87,72,48,7,4,-,0.01,Rain
10/28/2014,62,56,51,54,50,45,88,80,72,14,5,-,0.34,Rain
10/29/2014,64,59,54,54,51,50,88,76,60,15,7,24,0.04,Rain
10/30/2014,62,58,55,55,53,50,88,82,75,8,2,-,0.67,Rain
10/31/2014,59,54,52,52,49,46,89,83,67,8,4,-,0.77,Rain
11/1/2014,55,52,48,48,45,42,89,78,62,6,1,-,0,
11/2/2014,57,51,45,52,47,42,90,82,62,9,5,-,0.11,Rain
11/3/2014,60,58,55,53,51,48,84,80,75,13,8,20,0.24,Rain
11/4/2014,61,58,55,54,51,48,90,79,67,10,6,-,0.05,Rain
11/5/2014,61,57,53,55,51,48,90,79,64,7,2,-,0.27,Rain
11/6/2014,64,60,54,55,50,45,90,75,58,20,8,37,0.22,Rain
11/7/2014,59,52,45,45,43,40,86,72,53,7,3,-,0,
11/8/2014,55,48,42,44,42,39,93,78,60,7,1,-,0,
11/9/2014,57,52,48,50,46,43,87,80,72,12,6,16,0.29,Rain
11/10/2014,54,48,43,43,40,34,86,71,54,8,2,-,0,
11/11/2014,48,42,36,39,18,3,80,42,20,15,5,22,0,
11/12/2014,46,39,32,10,4,1,40,24,16,13,8,22,0,
11/13/2014,48,40,30,19,9,2,64,30,18,12,4,22,0,
11/14/2014,48,38,28,26,18,11,69,48,23,8,2,-,0,
11/15/2014,48,38,27,25,18,10,75,51,21,7,1,-,0,
11/16/2014,50,39,28,27,21,15,69,53,25,8,1,-,0,
11/17/2014,52,41,30,29,25,22,75,60,34,8,1,-,0,
11/18/2014,48,39,30,36,31,25,86,75,54,6,1,-,0,
11/19/2014,52,44,36,37,34,30,86,66,48,9,2,-,0,Rain
11/20/2014,54,49,44,46,43,39,87,80,71,8,4,-,0.11,Rain
11/21/2014,55,52,50,48,45,41,87,79,66,18,7,33,0.67,Rain
11/22/2014,51,48,45,43,41,39,86,77,66,13,8,21,0.03,Rain
11/23/2014,57,50,44,47,42,39,82,74,57,20,10,28,0.42,Rain
11/24/2014,55,47,39,50,41,35,89,79,66,13,6,25,0.01,Rain
11/25/2014,60,56,51,54,50,46,89,83,77,17,6,29,0.33,Rain
11/26/2014,61,59,57,53,52,48,81,75,62,20,11,30,0.01,Rain
11/27/2014,62,58,55,51,49,43,81,70,52,18,12,32,0.04,Rain
11/28/2014,57,48,39,51,43,35,87,80,72,15,9,26,1.39,Rain
11/29/2014,42,35,27,36,25,10,83,67,37,17,6,30,0.06,"Rain , Snow"
11/30/2014,39,33,27,23,21,18,78,64,47,8,2,-,0,
12/1/2014,41,34,26,25,21,16,75,62,45,9,1,-,0,
12/2/2014,44,35,26,28,26,21,82,68,49,8,3,-,0,
12/3/2014,48,40,33,31,27,24,70,58,44,6,1,-,0,
12/4/2014,48,44,39,43,37,32,87,74,59,7,2,-,0.05,Rain
12/5/2014,54,50,46,47,44,42,87,82,71,8,2,-,0.09,Rain
12/6/2014,55,52,48,49,46,43,86,82,74,14,7,21,0.25,Rain
12/7/2014,55,49,43,46,43,37,93,80,54,5,0,-,0,Fog
12/8/2014,60,55,50,47,44,40,86,70,51,9,3,-,0.45,Rain
12/9/2014,63,57,51,54,50,46,83,76,65,17,8,24,0.42,Rain
12/10/2014,68,61,54,51,48,42,83,69,43,22,10,38,0.5,Rain
12/11/2014,60,55,50,49,43,39,89,69,49,26,8,46,0.33,Rain
12/12/2014,55,52,48,45,43,42,83,73,64,18,10,32,0,
12/13/2014,52,46,41,43,41,37,90,82,71,8,3,-,0.01,
12/14/2014,57,47,37,39,34,23,93,70,27,15,2,23,0,Fog
12/15/2014,55,48,42,34,28,25,58,41,34,16,6,22,0,
12/16/2014,52,48,44,40,33,27,68,53,38,8,5,-,0,Rain
12/17/2014,51,48,44,45,41,35,87,77,68,6,1,-,0.16,Rain
12/18/2014,51,48,46,46,43,41,93,83,74,10,4,18,0.6,Rain
12/19/2014,54,50,46,46,41,37,86,70,58,12,8,17,0.13,Rain
12/20/2014,57,52,46,52,46,41,87,83,72,17,7,31,0.6,Rain
12/21/2014,57,55,53,49,46,44,77,72,62,14,7,25,0,
12/22/2014,54,48,42,45,40,37,86,72,55,8,1,-,0,
12/23/2014,53,48,43,52,42,36,96,80,66,14,5,-,0.61,Rain
12/24/2014,46,44,41,39,38,37,89,80,71,8,5,-,0.12,Rain
12/25/2014,48,42,37,39,37,34,87,79,66,7,3,-,0,
12/26/2014,44,42,39,37,36,34,87,80,71,8,4,-,0,
12/27/2014,52,47,42,45,40,36,87,78,69,15,8,25,0.12,Rain
12/28/2014,46,44,41,39,38,35,85,79,71,8,5,-,0.06,Rain
12/29/2014,46,42,35,36,28,21,87,62,40,9,3,-,0,
12/30/2014,39,34,30,24,17,14,73,51,35,6,1,-,0,
12/31/2014,41,34,26,25,22,18,78,60,41,7,2,-,0,
1/1/2015,43,35,27,28,25,21,81,70,49,4,0,-,0,
1/2/2015,44,38,32,39,32,25,86,76,67,12,4,-,0.03,
1/3/2015,43,38,33,38,35,30,93,84,76,7,2,-,0,Rain
1/4/2015,54,48,41,48,41,37,89,84,77,21,7,32,0.22,Rain
1/5/2015,57,56,54,52,50,48,88,81,74,20,14,31,0.07,Rain
1/6/2015,55,50,46,48,46,43,93,84,74,6,2,-,0.01,Fog
1/7/2015,50,47,44,46,43,41,93,85,74,6,2,-,0,
1/8/2015,48,44,39,41,38,36,89,82,71,8,3,-,0,Fog
1/9/2015,50,44,39,41,39,37,93,86,68,6,2,-,0.01,"Fog , Rain"
1/10/2015,48,46,44,45,44,41,93,88,83,7,1,-,0.18,Rain
1/11/2015,51,48,46,46,45,42,89,85,80,5,1,-,0.06,"Fog , Rain"
1/12/2015,53,49,45,43,41,39,90,78,64,10,1,-,0,Rain
1/13/2015,48,44,41,41,38,37,87,80,66,10,2,-,0,
1/14/2015,46,42,37,38,34,28,89,77,60,10,3,-,0,
1/15/2015,46,41,36,41,34,27,86,73,63,16,3,-,0.43,Rain
1/16/2015,55,50,44,45,40,36,87,71,57,13,8,22,0,
1/17/2015,55,46,39,52,41,35,90,84,73,17,1,23,0.76,Rain
1/18/2015,60,54,48,51,44,42,82,73,67,22,14,36,0.23,Rain
1/19/2015,52,49,46,43,42,40,83,76,66,10,5,-,0.03,Rain
1/20/2015,51,46,39,39,38,34,87,76,59,9,1,-,0,
1/21/2015,48,40,33,39,35,29,93,81,66,5,1,-,0,Fog
1/22/2015,52,48,45,46,43,38,87,81,76,8,1,-,0.03,Rain
1/23/2015,57,54,50,52,49,45,89,84,76,13,6,21,0.08,Rain
1/24/2015,62,58,55,55,52,51,87,82,75,10,7,20,0.02,
1/25/2015,64,57,50,53,49,45,86,77,54,8,3,-,0.01,
1/26/2015,64,55,46,47,46,42,93,77,52,13,4,-,0,Fog
1/27/2015,55,52,50,49,47,45,88,83,80,10,6,-,0.02,Rain
1/28/2015,55,50,46,45,42,40,87,76,64,6,2,-,0,
1/29/2015,55,48,42,40,38,36,85,71,57,8,1,-,0,
1/30/2015,48,44,39,40,38,35,96,85,71,8,1,-,0,Fog
1/31/2015,46,42,39,40,39,37,89,83,76,6,1,-,0,Fog
2/1/2015,51,48,44,45,42,39,87,82,76,10,5,17,0.04,Rain
2/2/2015,55,50,44,48,43,40,87,79,66,20,5,34,0.3,Rain
2/3/2015,52,48,44,46,44,42,93,83,74,10,5,-,0.03,"Fog , Rain"
2/4/2015,52,47,42,46,43,39,93,84,74,7,2,-,0.3,"Fog , Rain"
2/5/2015,59,54,48,53,49,44,86,83,78,13,7,20,0.87,Rain
2/6/2015,60,56,53,53,50,44,87,78,62,16,10,23,0.75,Rain
2/7/2015,57,54,51,51,48,45,89,81,69,17,6,32,0.82,Rain
2/8/2015,60,54,48,48,45,43,87,72,53,10,5,-,0.15,Rain
2/9/2015,57,52,48,50,48,45,89,80,67,10,4,17,0.15,Rain
2/10/2015,57,52,48,50,46,43,83,73,62,17,9,22,0.02,Rain
2/11/2015,57,51,45,48,45,41,87,78,64,5,1,-,0,
2/12/2015,72,62,51,49,47,43,89,70,44,9,4,-,0.02,Rain
2/13/2015,61,54,46,50,47,45,99,80,60,6,1,-,0,Rain
2/14/2015,60,54,48,50,46,38,90,75,62,8,2,-,0.05,Rain
2/15/2015,55,48,42,42,40,36,82,72,60,10,3,-,0,
2/16/2015,61,53,45,41,37,31,83,63,32,9,4,-,0,
2/17/2015,60,52,44,37,35,34,74,57,38,8,1,-,0,
2/18/2015,57,48,39,43,39,34,79,67,55,12,5,-,0,
2/19/2015,54,51,48,48,46,42,87,79,74,6,2,-,0.03,Rain
2/20/2015,54,52,50,46,45,41,86,77,66,6,0,-,0.02,Rain
2/21/2015,55,50,44,41,38,34,82,67,47,10,3,20,0,
2/22/2015,54,45,36,38,31,24,93,62,31,6,1,-,0,
2/23/2015,55,44,33,33,30,26,82,57,33,6,1,-,0,
2/24/2015,54,45,36,38,33,29,79,62,43,7,3,-,0,
2/25/2015,52,49,46,47,43,37,89,79,68,8,3,-,0.07,Rain
2/26/2015,54,51,48,47,45,44,87,81,72,7,2,-,0.22,Rain
2/27/2015,54,51,48,46,43,37,90,75,57,9,4,-,0.73,Rain
2/28/2015,55,47,37,34,28,19,73,47,24,12,5,18,0,
3/1/2015,54,44,35,35,30,26,79,56,34,7,3,-,0,
3/2/2015,54,49,39,36,34,28,73,58,38,12,6,23,0,
3/3/2015,52,42,32,32,24,10,82,53,19,9,3,-,0,
3/4/2015,55,44,32,29,24,19,75,49,25,10,2,-,0,
3/5/2015,59,48,37,39,32,26,73,55,28,6,3,-,0,
3/6/2015,59,49,39,41,37,34,80,63,41,6,1,-,0,
3/7/2015,62,50,37,42,39,33,87,66,42,8,2,-,0,Rain
3/8/2015,63,50,37,43,40,34,89,67,43,9,1,-,0,
3/9/2015,57,49,41,44,41,36,86,73,59,12,3,-,0,
3/10/2015,60,50,44,48,42,38,93,76,55,9,4,17,0,"Fog , Rain"
3/11/2015,62,56,51,50,48,46,86,75,60,9,6,-,0.09,Rain
3/12/2015,66,60,53,49,47,42,82,66,43,12,8,18,0,
3/13/2015,66,59,52,49,45,42,74,63,42,12,2,-,0.04,Rain
3/14/2015,61,58,54,54,49,43,88,76,64,15,7,28,0.54,Rain
3/15/2015,54,50,46,47,44,41,87,84,72,9,4,-,2.2,Rain
3/16/2015,57,52,46,43,42,40,86,71,53,12,4,16,0,
3/17/2015,60,51,43,46,42,38,85,73,53,12,3,18,0.03,Rain
3/18/2015,63,54,46,44,42,39,83,64,44,7,4,-,0,
3/19/2015,63,56,48,49,43,41,80,63,46,8,4,-,0.01,Rain
3/20/2015,60,56,51,48,47,44,86,74,57,6,2,-,0.12,Rain
3/21/2015,59,55,50,48,44,37,80,67,51,17,9,36,0.13,Rain
3/22/2015,55,49,43,47,43,39,86,76,64,9,2,-,0.07,Rain
3/23/2015,54,48,42,45,41,39,93,81,66,13,4,22,0.2,"Fog , Rain"
3/24/2015,59,52,46,43,41,39,86,72,53,15,4,17,0.27,Rain
3/25/2015,61,54,48,54,48,42,88,78,69,14,7,25,0.15,Rain
3/26/2015,72,62,52,52,49,45,86,67,39,10,5,-,0,
3/27/2015,69,59,50,52,48,46,86,70,50,15,4,24,0.01,Rain
3/28/2015,64,58,52,46,43,39,77,63,46,16,13,26,0,
3/29/2015,63,57,51,49,44,41,80,63,50,12,7,18,0,
3/30/2015,66,60,55,49,47,44,77,64,45,10,7,16,0.02,Rain
3/31/2015,57,50,46,48,41,38,86,72,55,15,7,22,0.31,Rain
4/1/2015,57,50,44,44,40,36,93,73,49,14,5,-,0.05,Rain
4/2/2015,59,50,43,42,38,33,90,66,39,7,3,-,0,Rain
4/3/2015,55,49,44,43,39,37,76,68,53,16,7,23,0.05,Rain
4/4/2015,57,48,39,37,34,25,83,58,31,9,4,-,0,
4/5/2015,63,50,39,39,34,28,79,56,28,8,2,-,0,
4/6/2015,60,52,46,40,37,31,74,58,35,12,6,-,0,Rain
4/7/2015,59,54,48,44,40,38,71,63,47,14,4,-,0.01,Rain
4/8/2015,64,54,46,44,40,37,77,62,39,10,3,-,0,
4/9/2015,66,54,45,44,40,36,80,61,34,14,5,20,0,
4/10/2015,60,54,48,46,42,37,82,68,45,15,6,25,0.52,Rain
4/11/2015,55,50,44,45,38,33,82,65,51,15,8,25,0.02,Rain
4/12/2015,59,52,46,39,36,32,71,57,41,10,6,17,0,
4/13/2015,54,48,42,50,42,38,100,80,57,13,4,-,0.46,Rain
4/14/2015,55,47,39,43,39,34,100,78,44,13,8,-,0.05,Rain
4/15/2015,59,49,39,38,34,26,83,57,28,7,4,-,0,Rain
4/16/2015,64,52,41,41,37,35,79,56,37,10,2,18,0,Rain
4/17/2015,68,56,46,46,42,33,77,57,28,12,3,21,0,
4/18/2015,68,57,48,45,41,33,77,55,28,9,2,-,0,Rain
4/19/2015,69,58,46,45,43,39,81,56,37,10,2,17,0,
4/20/2015,73,60,48,46,42,34,77,50,25,10,2,-,0,Rain
4/21/2015,64,56,46,48,44,40,82,68,52,12,3,-,0.16,Rain
4/22/2015,62,52,43,40,37,24,86,62,24,9,5,17,0,
4/23/2015,55,50,46,44,38,34,80,64,50,14,7,20,0.1,Rain
4/24/2015,57,52,46,42,40,39,79,70,55,17,10,24,0.15,Rain
4/25/2015,57,52,46,41,38,34,79,62,44,9,2,-,0.01,
4/26/2015,61,52,42,47,39,36,80,62,46,9,5,-,0,
4/27/2015,78,66,53,52,50,48,88,66,37,10,6,-,0,Rain
4/28/2015,63,56,51,52,48,44,83,73,60,14,6,20,0.11,Rain
4/29/2015,64,56,48,46,42,37,82,64,42,12,6,28,0.01,
4/30/2015,64,57,50,44,41,35,74,57,35,9,5,-,0,
5/1/2015,64,59,54,46,44,40,72,58,45,9,4,-,0,
5/2/2015,66,58,51,42,38,31,71,51,27,10,4,17,0,
5/3/2015,69,57,45,42,37,29,80,49,22,9,3,-,0,
5/4/2015,64,55,46,44,41,39,77,59,41,14,6,28,0,
5/5/2015,62,54,48,46,42,39,82,68,47,14,8,24,0.18,Rain
5/6/2015,64,56,48,44,40,34,83,62,33,12,3,20,0,
5/7/2015,70,58,46,43,39,34,80,52,27,10,3,20,0,
5/8/2015,75,62,48,46,40,28,77,47,20,10,2,16,0,
5/9/2015,80,66,51,46,39,32,74,42,19,6,2,-,0,
5/10/2015,69,62,55,50,47,39,72,59,43,8,3,-,0,
5/11/2015,59,56,53,50,47,45,82,71,64,9,5,-,0,Rain
5/12/2015,62,58,55,52,49,47,88,75,60,13,4,17,0.11,Rain
5/13/2015,57,54,53,50,48,46,86,78,69,10,7,-,0.14,Rain
5/14/2015,66,60,53,49,47,45,86,72,47,7,1,-,0,
5/15/2015,69,60,53,51,48,45,83,69,45,10,2,-,0.01,
5/16/2015,62,58,55,49,48,46,72,67,60,9,6,-,0,
5/17/2015,69,62,55,50,48,46,74,64,49,8,2,-,0,
5/18/2015,78,66,55,52,49,47,75,56,34,9,3,-,0,
5/19/2015,75,65,57,54,52,50,82,67,46,7,2,-,0,
5/20/2015,73,64,54,54,51,49,86,68,45,7,4,-,0,
5/21/2015,81,68,57,56,52,50,75,57,40,7,2,-,0,
5/22/2015,64,60,57,51,50,48,77,70,63,9,6,-,0,
5/23/2015,64,59,55,51,49,48,77,70,62,8,5,-,0,Rain
5/24/2015,66,60,55,51,49,48,77,67,58,8,5,-,0,
5/25/2015,62,58,55,50,48,47,77,68,62,9,6,-,0,
5/26/2015,72,64,57,52,50,47,75,61,42,9,4,-,0,
5/27/2015,78,67,57,54,52,51,82,60,42,7,2,-,0,
5/28/2015,82,70,57,54,52,50,78,55,34,9,2,-,0,
5/29/2015,82,71,61,57,53,49,75,56,38,10,2,-,0,
5/30/2015,75,63,53,49,47,45,77,59,37,10,5,-,0,
5/31/2015,75,65,57,52,49,46,77,59,40,10,4,16,0,
6/1/2015,64,60,57,53,50,47,83,71,56,14,5,17,0.09,Rain
6/2/2015,66,60,57,52,50,48,81,68,56,12,8,20,0,
6/3/2015,69,62,57,50,48,46,74,62,47,9,5,-,0,
6/4/2015,73,65,57,49,46,44,64,53,39,12,3,18,0,
6/5/2015,80,68,57,51,48,44,70,48,30,12,3,20,0,
6/6/2015,84,72,59,53,50,46,65,46,29,10,3,17,0,
6/7/2015,88,74,61,52,50,45,70,43,23,12,4,-,0,
6/8/2015,86,73,60,54,48,31,75,44,17,10,3,18,0,
6/9/2015,86,72,61,49,43,30,60,36,17,9,3,-,0,
6/10/2015,81,68,55,51,48,46,75,51,30,8,5,-,0,
6/11/2015,79,66,55,50,48,45,75,55,34,9,5,20,0,
6/12/2015,70,64,57,46,44,39,67,52,35,8,5,-,0,
6/13/2015,75,64,52,48,44,37,77,49,24,8,3,-,0,
6/14/2015,81,69,57,48,45,41,72,44,25,10,3,17,0,
6/15/2015,86,72,61,48,45,39,60,38,20,10,3,-,0,
6/16/2015,73,64,55,49,46,39,75,55,29,10,5,-,0,
6/17/2015,78,67,57,49,45,35,70,49,23,8,3,-,0,
6/18/2015,80,70,62,52,46,42,70,46,28,9,3,-,0,
6/19/2015,75,66,59,55,51,45,81,61,38,10,4,-,0.07,Rain
6/20/2015,77,66,57,47,43,36,62,44,23,10,4,17,0,
6/21/2015,81,70,60,49,45,38,64,44,22,9,4,-,0,
6/22/2015,78,67,57,50,48,45,77,53,33,12,5,-,0,
6/23/2015,81,68,55,50,45,33,72,47,19,9,2,-,0,
6/24/2015,79,72,66,54,51,47,59,47,33,8,2,-,0,
6/25/2015,88,76,64,57,52,45,73,47,25,9,2,20,0,
6/26/2015,88,76,66,58,57,55,73,51,35,10,5,21,0,
6/27/2015,91,78,66,56,54,48,68,44,27,12,3,21,0,
6/28/2015,82,76,70,59,56,49,61,49,34,8,2,-,0,"Rain , Thunderstorm"
6/29/2015,88,78,69,61,59,57,75,54,37,10,4,-,0.01,Rain
6/30/2015,88,75,62,59,56,48,82,59,30,7,4,-,0,
7/1/2015,89,76,64,56,54,50,68,46,31,12,4,20,0,
7/2/2015,91,80,68,54,53,50,61,40,26,10,3,16,0,
7/3/2015,93,80,68,55,53,49,59,40,23,9,4,-,0,
7/4/2015,91,77,63,55,48,36,70,39,15,10,3,-,0,
7/5/2015,91,78,66,54,49,43,61,37,21,10,3,-,0,
7/6/2015,88,74,63,55,53,48,70,49,27,9,5,-,0,
7/7/2015,81,70,61,55,53,52,72,58,39,8,6,-,0,
7/8/2015,86,74,63,56,54,51,72,53,30,8,3,-,0,
7/9/2015,86,73,62,59,57,54,78,60,40,9,3,-,0,
7/10/2015,73,68,64,56,54,53,73,62,49,13,8,18,0,
7/11/2015,73,68,64,56,54,52,70,60,48,9,6,-,0,
7/12/2015,82,72,64,57,54,50,75,57,34,10,6,17,0,
7/13/2015,79,72,66,57,55,51,70,58,42,13,4,-,0,
7/14/2015,82,72,64,51,49,45,60,46,29,9,4,16,0,
7/15/2015,81,72,63,53,51,49,61,50,35,10,2,-,0,
7/16/2015,81,72,64,54,50,46,65,49,31,9,4,-,0,
7/17/2015,82,71,60,52,48,42,70,46,24,12,3,18,0,
7/18/2015,91,78,66,54,49,41,59,38,17,12,3,17,0,
7/19/2015,98,83,69,57,52,48,65,39,19,13,3,20,0,
7/20/2015,82,74,66,58,54,53,75,57,38,13,8,21,0,
7/21/2015,75,68,62,56,52,49,78,58,38,9,3,-,0.13,Rain
7/22/2015,77,68,61,52,50,48,70,55,37,10,4,-,0,
7/23/2015,81,71,62,51,50,48,65,51,32,7,2,-,0,
7/24/2015,77,67,59,59,53,50,76,60,44,13,6,24,0.01,Rain
7/25/2015,70,66,62,61,54,49,88,67,52,12,4,16,0.02,Rain
7/26/2015,73,66,60,56,52,49,80,66,45,8,2,-,0.1,Rain
7/27/2015,77,65,55,54,51,45,84,61,34,7,2,-,0.01,
7/28/2015,82,72,61,53,51,47,72,52,29,9,3,-,0,
7/29/2015,89,75,62,55,51,48,75,46,26,10,3,18,0,
7/30/2015,91,78,66,54,50,44,63,38,21,9,3,16,0,
7/31/2015,93,80,68,52,46,38,55,33,15,9,3,-,0,
8/1/2015,91,77,64,51,47,42,56,35,19,12,3,-,0,
8/2/2015,90,77,64,55,52,47,67,45,23,8,2,-,0,
8/3/2015,84,76,68,55,53,51,61,48,37,12,2,-,0,
8/4/2015,81,70,61,56,52,48,78,57,34,10,5,-,0,
8/5/2015,75,65,57,53,51,50,75,61,44,8,3,18,0,
8/6/2015,79,70,62,52,50,47,70,52,34,8,4,-,0,
8/7/2015,84,72,62,57,52,47,70,52,28,8,2,-,0,
8/8/2015,80,70,62,59,57,55,84,67,45,13,5,20,0,
8/9/2015,84,72,61,56,52,47,78,53,28,12,5,-,0,
8/10/2015,84,75,66,57,52,49,73,47,29,12,3,-,0,Rain
8/11/2015,87,76,66,55,54,50,68,47,30,10,3,-,0,
8/12/2015,84,75,66,61,56,54,65,52,35,7,2,-,0.04,"Rain , Thunderstorm"
8/13/2015,84,74,63,59,57,54,81,60,39,10,6,-,0,
8/14/2015,68,65,62,57,56,54,84,75,65,14,7,26,0.57,"Rain , Thunderstorm"
8/15/2015,72,66,60,55,53,50,78,65,49,12,7,-,0,
8/16/2015,78,68,60,53,52,50,75,58,39,12,3,16,0,
8/17/2015,81,70,60,55,52,47,78,53,30,12,2,18,0,
8/18/2015,84,74,64,57,55,54,70,53,37,10,3,20,0,
8/19/2015,91,78,64,57,54,48,75,49,23,7,2,-,0,
8/20/2015,75,68,61,57,53,48,82,64,38,10,7,18,0,
8/21/2015,75,66,60,51,49,44,68,56,35,9,6,-,0,
8/22/2015,79,68,57,52,49,46,75,55,32,7,2,-,0,
8/23/2015,82,70,59,53,49,44,72,49,27,6,1,-,0,
8/24/2015,77,66,57,50,48,43,74,51,38,10,4,-,0,
8/25/2015,78,68,57,49,45,39,65,45,25,12,2,17,0,
8/26/2015,84,71,60,51,46,40,67,44,23,6,1,-,0,
8/27/2015,87,74,62,52,48,39,63,41,22,8,3,-,0,
8/28/2015,75,70,64,58,54,42,78,56,32,13,6,18,0.01,Rain
8/29/2015,75,66,60,60,56,50,96,70,44,23,8,39,0.18,Rain
8/30/2015,72,65,59,60,55,50,100,75,51,13,8,18,0.24,Rain
8/31/2015,68,66,64,58,53,49,78,64,54,15,11,25,0.06,Rain
9/1/2015,68,64,62,58,56,53,84,76,63,15,9,25,0.17,Rain
9/2/2015,70,63,57,53,50,46,81,65,44,13,7,18,0.02,Rain
9/3/2015,69,60,53,50,47,42,83,65,40,10,3,25,0,
9/4/2015,66,60,54,49,47,46,80,68,48,8,2,-,0,
9/5/2015,69,58,48,52,48,44,86,68,50,14,5,21,0.06,Rain
9/6/2015,63,58,55,54,51,49,88,75,65,10,5,-,0.19,Rain
9/7/2015,73,66,59,54,52,46,83,66,39,10,1,-,0,
9/8/2015,75,67,59,58,54,50,78,67,55,13,6,-,0,
9/9/2015,78,69,60,57,55,49,83,64,37,8,2,-,0,
9/10/2015,75,68,61,57,56,55,83,67,50,12,3,16,0.01,
9/11/2015,82,72,62,58,56,54,80,60,42,8,2,-,0,
9/12/2015,81,71,62,57,55,53,78,60,40,10,2,16,0,
9/13/2015,72,66,59,58,53,45,86,69,41,12,4,-,0.03,Rain
9/14/2015,64,58,53,47,45,42,74,61,48,9,7,-,0,
9/15/2015,66,59,52,47,44,42,72,61,42,10,7,-,0,
9/16/2015,70,60,50,55,46,44,83,59,41,8,4,-,0.04,Rain
9/17/2015,68,62,57,57,54,51,84,77,65,12,3,18,0.58,Rain
9/18/2015,70,64,57,55,52,50,82,67,51,9,5,-,0.01,
9/19/2015,73,66,60,59,55,53,78,69,55,14,7,22,0,
9/20/2015,75,66,57,61,58,51,86,73,55,17,11,26,0.09,Rain
9/21/2015,66,60,55,52,47,41,81,61,40,8,2,-,0,
9/22/2015,68,57,46,47,43,36,83,60,31,10,2,-,0,
9/23/2015,71,60,48,47,45,42,80,59,39,8,3,-,0,
9/24/2015,75,64,54,53,50,47,77,59,44,10,3,16,0,
9/25/2015,63,61,59,54,52,45,82,73,57,10,4,-,0.03,Rain
9/26/2015,64,60,55,47,45,39,72,59,43,8,2,-,0,
9/27/2015,64,55,46,46,44,39,83,65,41,10,3,20,0,
9/28/2015,69,61,53,50,47,45,77,64,49,9,3,-,0,
9/29/2015,73,62,53,50,48,45,83,62,40,8,1,-,0,Rain
9/30/2015,68,60,53,52,50,47,89,76,57,8,3,-,0,
10/1/2015,70,60,51,54,50,46,90,74,47,7,1,-,0.01,Fog
10/2/2015,62,58,53,52,51,48,89,77,67,13,3,-,0,
10/3/2015,68,62,55,50,45,40,77,58,40,8,5,-,0,
10/4/2015,72,62,54,48,46,42,80,57,38,9,3,-,0,
10/5/2015,73,62,52,50,48,44,77,62,45,7,1,-,0,
10/6/2015,66,60,54,53,50,47,83,70,51,13,4,18,0.01,
10/7/2015,62,60,59,57,55,53,87,81,72,9,5,-,0.38,Rain
10/8/2015,71,64,59,59,57,55,88,79,63,5,1,-,0,
10/9/2015,70,62,55,59,55,50,94,77,63,9,4,-,0.01,"Fog , Rain"
10/10/2015,72,66,60,62,57,51,88,79,57,16,8,29,0.77,Rain
10/11/2015,66,60,54,51,49,46,84,69,50,10,5,-,0,
10/12/2015,68,61,54,61,53,46,94,76,59,12,6,21,0.34,Rain
10/13/2015,63,58,54,54,52,47,88,79,65,9,2,-,0.07,Rain
10/14/2015,63,58,53,49,48,46,83,75,60,7,3,-,0,
10/15/2015,68,60,53,50,48,46,86,70,47,7,2,-,0,
10/16/2015,70,60,50,50,47,45,86,67,45,6,1,-,0.01,
10/17/2015,68,62,57,56,53,50,86,76,61,6,1,-,0.04,Rain
10/18/2015,62,60,59,59,56,54,93,85,77,8,3,-,0.16,Rain
10/19/2015,66,62,57,56,54,53,86,76,63,10,4,-,0,Rain
10/20/2015,64,59,52,53,50,46,84,74,50,12,2,-,0,
10/21/2015,64,57,50,53,49,45,93,79,65,9,2,-,0,
10/22/2015,62,55,48,49,46,42,93,74,50,8,1,-,0.01,Fog
10/23/2015,59,52,48,47,45,43,83,74,60,7,2,-,0,Fog
10/24/2015,60,55,51,47,46,45,83,77,64,8,2,-,0.01,Rain
10/25/2015,66,57,50,54,49,46,90,77,54,14,4,29,0.35,Rain
10/26/2015,57,55,53,54,51,48,93,83,72,14,11,21,0.09,Rain
10/27/2015,60,54,48,50,48,46,90,79,67,12,2,-,0.01,
10/28/2015,59,56,54,54,51,47,89,80,72,12,3,-,0.1,Rain
10/29/2015,62,60,57,54,52,50,83,77,69,13,7,-,0.02,Rain
10/30/2015,66,60,55,59,53,50,97,78,63,17,11,32,0.36,Rain
10/31/2015,63,59,55,58,54,49,94,82,75,21,11,34,0.99,Rain
11/1/2015,57,54,52,52,48,45,87,77,69,18,13,29,0.5,Rain
11/2/2015,55,50,45,47,44,40,82,73,63,7,3,-,0.07,Rain
11/3/2015,53,47,41,43,41,37,89,77,61,12,2,-,0.07,Rain
11/4/2015,53,45,37,41,38,34,86,73,55,8,5,-,0,
11/5/2015,55,52,48,47,45,42,87,78,64,8,5,-,0.01,Rain
11/6/2015,63,56,50,49,46,45,86,76,58,10,5,-,0.01,Rain
11/7/2015,55,54,52,52,49,46,88,81,72,12,5,18,0.49,Rain
11/8/2015,55,52,48,47,45,43,86,79,67,7,4,-,0.38,Rain
11/9/2015,52,48,43,46,44,39,87,82,74,8,1,-,0.16,Rain
11/10/2015,54,46,39,45,41,37,93,79,61,16,6,28,0.06,"Fog , Rain"
11/11/2015,55,50,43,48,40,37,89,70,55,15,8,31,0.05,Rain
11/12/2015,54,48,43,50,41,34,100,74,55,28,9,36,0.24,Rain
11/13/2015,60,56,51,55,52,46,94,86,72,24,15,38,1.31,Rain
11/14/2015,51,48,46,46,43,41,86,82,80,8,3,-,1.64,Rain
11/15/2015,48,44,37,41,37,34,86,77,61,12,5,21,0.75,Rain
11/16/2015,52,44,36,46,38,31,89,79,64,15,7,24,0.09,Rain
11/17/2015,61,54,46,57,49,37,88,81,66,23,12,38,0.74,Rain
11/18/2015,51,45,39,42,38,35,83,70,61,9,5,-,0.03,Rain
11/19/2015,50,44,37,44,37,31,97,74,50,12,3,21,0.08,Rain
11/20/2015,50,42,35,36,33,30,93,72,48,6,2,-,0,
11/21/2015,51,44,36,32,29,27,76,60,41,7,2,-,0,
11/22/2015,50,42,34,34,32,29,82,69,50,6,1,-,0,
11/23/2015,46,40,33,43,35,28,93,82,66,9,5,-,0.12,Rain
11/24/2015,48,44,41,41,32,24,86,63,41,16,6,28,0.21,Rain
11/25/2015,48,42,35,31,24,18,76,51,32,7,4,-,0,
11/26/2015,52,41,30,33,29,26,82,65,38,7,2,-,0,
11/27/2015,48,39,30,32,28,24,85,68,46,8,1,-,0,
11/28/2015,46,36,26,31,26,21,86,75,50,6,1,-,0,Snow
11/29/2015,39,34,30,34,31,25,93,87,79,7,2,-,0,Fog
11/30/2015,44,36,28,36,29,26,93,81,53,8,3,-,0.01,"Fog , Rain"
12/1/2015,53,47,41,40,35,30,89,69,43,13,3,-,0.39,Rain
12/2/2015,53,48,42,41,38,34,89,69,50,14,7,24,0.06,Rain
12/3/2015,57,52,48,47,44,41,90,76,59,14,10,24,0.52,Rain
12/4/2015,53,49,45,44,41,37,83,74,64,13,8,18,0.12,Rain
12/5/2015,50,47,44,49,42,35,100,83,57,8,5,-,0.81,Rain
12/6/2015,57,52,48,52,46,40,100,79,55,17,9,26,0.55,Rain
12/7/2015,55,52,50,54,48,40,100,87,59,14,7,21,1.06,Rain
12/8/2015,63,58,52,57,54,52,100,90,81,20,10,32,1.51,Rain
12/9/2015,57,52,46,53,45,41,87,75,62,17,11,37,0.56,"Rain , Thunderstorm"
12/10/2015,55,50,46,45,41,35,86,72,49,22,12,38,0.63,"Rain , Thunderstorm"
12/11/2015,52,48,43,43,41,39,90,81,61,7,2,-,0.01,Rain
12/12/2015,51,48,44,44,42,40,93,84,68,22,8,36,0.56,Rain
12/13/2015,48,46,45,43,41,39,87,78,71,30,14,38,0.11,Rain
12/14/2015,48,42,36,40,36,33,89,75,58,9,3,-,0,Snow
12/15/2015,46,40,33,37,34,32,97,80,56,10,6,-,0.02,"Fog , Rain"
12/16/2015,45,41,37,33,32,30,79,66,56,7,2,-,0.13,Rain
12/17/2015,46,42,39,34,32,24,73,67,49,14,6,17,0.82,Rain
12/18/2015,50,46,42,33,32,30,67,58,48,14,9,25,0.54,Rain
12/19/2015,48,44,39,34,32,31,75,64,52,13,8,21,0.01,Rain
12/20/2015,48,46,43,33,32,32,65,59,54,18,13,29,0.19,Rain
12/21/2015,45,42,39,43,37,30,100,83,58,13,6,17,0.83,Rain
12/22/2015,46,42,39,41,37,33,100,78,61,18,6,26,0.12,Rain
12/23/2015,43,41,39,41,37,35,96,83,76,20,11,30,0.09,Rain
12/24/2015,43,41,39,39,37,36,93,85,76,13,7,20,0.11,Rain
12/25/2015,41,38,36,38,37,35,100,94,86,7,4,-,0.05,Rain
12/26/2015,41,38,35,37,32,26,100,81,58,8,4,-,0,
12/27/2015,42,40,37,37,33,27,96,81,60,9,3,-,0.32,Rain
12/28/2015,42,40,37,39,37,35,100,91,79,7,2,-,0.03,Rain
12/29/2015,45,40,33,38,36,31,100,87,65,12,2,-,0,
12/30/2015,43,36,30,28,26,23,88,72,45,7,1,-,0,
12/31/2015,43,35,27,27,23,22,89,70,43,6,1,-,0,
1/1/2016,44,34,25,30,25,21,92,76,43,5,1,-,0,
1/2/2016,44,34,23,30,23,13,96,73,33,8,2,-,0,
1/3/2016,39,34,28,34,26,14,87,67,35,14,4,-,0.01,"Rain , Snow"
1/4/2016,39,38,37,34,33,32,87,83,76,8,1,-,0.07,Rain
1/5/2016,44,40,37,39,33,32,100,73,63,5,1,-,0.11,Rain
1/6/2016,51,43,35,42,39,35,100,90,66,7,1,-,0,
1/7/2016,45,38,32,41,37,32,100,93,81,6,2,-,0,Fog
1/8/2016,48,39,30,42,38,30,100,93,74,7,1,-,0,Fog
1/9/2016,48,39,30,41,36,30,100,92,66,6,1,-,0,Fog
1/10/2016,51,43,32,39,32,25,93,69,50,8,2,-,0,
1/11/2016,45,38,30,42,35,25,100,85,65,10,3,-,0.09,Rain
1/12/2016,48,42,37,44,42,36,96,88,77,16,5,26,0.52,Rain
1/13/2016,55,48,42,49,45,41,100,89,74,22,8,30,0.57,Rain
1/14/2016,48,42,35,41,37,33,97,85,68,9,5,-,0,
1/15/2016,48,40,32,45,39,32,100,92,86,7,4,-,0.04,"Rain , Snow"
1/16/2016,53,48,43,48,45,40,100,89,83,15,5,26,0.41,Rain
1/17/2016,50,46,42,47,43,40,97,91,82,13,5,-,0.32,Rain
1/18/2016,54,48,42,44,42,37,100,81,59,15,5,22,0.05,Rain
1/19/2016,46,44,41,44,41,37,97,89,76,10,3,-,0.46,Rain
1/20/2016,52,46,41,44,42,40,100,84,63,10,5,-,0.2,Rain
1/21/2016,51,48,45,49,47,44,100,95,86,8,3,-,1.27,Rain
1/22/2016,55,50,46,50,46,42,97,85,67,17,8,25,0.27,Rain
1/23/2016,46,45,44,46,44,40,100,94,79,8,2,-,0.53,Rain
1/24/2016,50,44,37,44,40,37,100,82,61,8,5,-,0,
1/25/2016,54,45,36,42,39,35,97,81,59,6,2,-,0,
1/26/2016,55,50,46,54,49,39,100,91,66,12,4,-,0.27,Rain
1/27/2016,57,54,50,54,52,49,100,94,87,10,5,-,0.8,Rain
1/28/2016,55,50,46,54,48,43,100,86,64,13,9,23,0.52,Rain
1/29/2016,50,47,44,43,41,37,93,80,68,20,6,28,0.18,Rain
1/30/2016,46,42,39,39,37,36,93,81,68,15,9,21,0.02,Rain
1/31/2016,46,42,37,39,37,34,89,80,71,12,7,17,0,
2/1/2016,45,41,37,40,39,37,97,88,74,9,5,-,0.25,Rain
2/2/2016,50,42,35,40,36,31,100,82,48,8,2,-,0.02,"Fog , Rain"
2/3/2016,48,44,41,44,39,35,97,83,59,16,6,23,0.48,Rain
2/4/2016,48,46,45,46,44,41,93,87,80,16,10,25,0.05,Rain
2/5/2016,53,48,42,45,43,40,100,84,64,21,5,32,0.15,Rain
2/6/2016,48,42,36,41,40,35,100,82,71,16,9,22,0,
2/7/2016,50,43,36,41,38,36,100,84,61,9,2,-,0,
2/8/2016,57,48,39,44,41,37,97,81,59,8,2,-,0,
2/9/2016,62,50,39,47,42,37,100,83,55,10,2,-,0,Fog
2/10/2016,55,50,44,52,45,39,100,81,63,10,5,23,0.16,Rain
2/11/2016,55,50,44,52,47,43,100,89,72,8,3,-,0.37,Rain
2/12/2016,57,52,48,54,49,43,100,89,62,17,7,28,0.86,Rain
2/13/2016,51,48,46,47,44,41,100,89,71,15,10,22,0.36,Rain
2/14/2016,55,-,55,50,50,50,82,82,82,23,23,-,0,
2/15/2016,57,54,51,49,48,46,92,84,67,13,9,25,0.12,Rain
2/16/2016,55,53,50,49,48,46,92,86,75,13,7,26,0.01,Rain
2/17/2016,57,52,48,50,47,45,96,85,67,9,4,18,0.46,Rain
2/18/2016,52,49,46,46,43,39,100,82,63,16,8,28,0.12,Rain
2/19/2016,51,46,42,46,43,39,96,87,77,15,7,24,0.49,Rain
2/20/2016,52,44,37,39,37,35,96,74,54,13,8,20,0,Rain
2/21/2016,51,42,34,43,39,34,100,87,71,14,3,23,0.07,Rain
2/22/2016,51,46,41,41,39,38,93,82,63,10,6,-,0.01,Rain
2/23/2016,60,48,37,38,33,28,96,61,32,13,4,-,0,
2/24/2016,57,50,44,50,40,34,100,69,41,6,1,-,0.02,Rain
2/25/2016,61,50,39,45,42,39,100,80,49,7,1,-,0,"Fog , Rain"
2/26/2016,60,51,42,50,45,41,96,84,49,9,3,-,0.15,Rain
2/27/2016,57,52,46,49,47,42,100,87,60,10,2,-,0.08,Rain
2/28/2016,52,48,44,47,43,40,93,86,77,16,6,31,0.68,Rain
2/29/2016,53,48,44,45,41,38,96,76,57,10,6,-,0.12,Rain
3/1/2016,55,50,45,49,44,39,100,86,63,23,6,34,0.71,Rain
3/2/2016,54,50,46,49,44,38,97,80,55,20,11,29,0.27,Rain
3/3/2016,57,52,48,50,45,41,96,76,55,16,8,25,0.03,Rain
3/4/2016,57,48,39,48,43,38,97,84,55,9,2,-,0.21,Rain
3/5/2016,63,56,48,52,49,45,93,75,54,18,6,-,0.2,Rain
3/6/2016,60,52,45,48,44,42,93,82,64,14,9,26,0.39,Rain
3/7/2016,52,48,41,44,41,39,100,84,66,18,8,25,0.26,Rain
3/8/2016,53,46,39,43,38,35,93,75,52,9,7,20,0.03,Rain
3/9/2016,55,48,43,50,44,42,97,88,71,16,7,30,0.97,Rain
3/10/2016,55,48,39,52,43,39,100,80,57,22,13,38,0.32,Rain
3/11/2016,55,46,36,48,43,36,100,90,59,8,3,-,0.35,"Fog , Rain"
3/12/2016,51,46,39,48,41,37,100,81,63,18,9,28,0.2,Rain
3/13/2016,53,47,41,44,40,38,96,82,59,29,9,52,0.52,Rain
3/14/2016,48,44,41,42,39,38,89,86,71,15,11,25,0.06,"Rain , Thunderstorm"
3/15/2016,51,46,41,40,38,37,86,77,59,12,8,22,0,
3/16/2016,53,47,42,41,37,32,93,71,47,9,2,-,0,
3/17/2016,57,47,37,38,33,26,93,65,33,14,3,20,0,
3/18/2016,63,52,42,27,24,22,53,33,23,20,8,26,0,
3/19/2016,61,54,48,45,38,24,69,53,31,8,3,-,0,
3/20/2016,55,52,48,51,48,41,96,86,66,13,2,-,0.08,Rain
3/21/2016,55,50,46,48,47,44,100,89,77,9,6,20,0.28,Rain
3/22/2016,57,50,45,46,44,42,93,81,62,12,7,18,0.01,Rain
3/23/2016,53,50,48,48,45,43,97,84,74,15,11,25,0.13,Rain
3/24/2016,54,49,45,43,40,38,86,76,59,16,10,24,0,Rain
3/25/2016,57,50,44,41,38,32,85,68,42,8,4,20,0,
3/26/2016,59,50,41,46,39,33,93,66,39,8,2,-,0.04,Rain
3/27/2016,51,47,39,49,44,38,100,88,71,16,9,34,0.48,Rain
3/28/2016,55,46,37,42,40,38,100,81,59,10,3,-,0,Rain
3/29/2016,64,50,37,43,39,36,100,74,38,12,4,20,0,
3/30/2016,68,54,43,45,42,39,93,64,37,8,2,-,0,
3/31/2016,73,59,46,47,45,43,90,64,35,7,1,-,0,
4/1/2016,71,58,46,50,48,45,93,69,44,8,3,-,0,
4/2/2016,63,54,48,49,47,45,100,80,58,12,4,-,0,
4/3/2016,69,58,46,51,47,38,97,71,42,13,3,20,0.12,Rain
4/4/2016,60,54,46,50,43,40,92,72,51,18,12,30,0.17,Rain
4/5/2016,57,52,46,46,44,42,86,77,64,14,8,21,0,
4/6/2016,68,56,45,47,44,40,90,67,38,12,4,17,0,
4/7/2016,77,63,51,51,49,46,89,65,37,10,4,-,0,
4/8/2016,75,64,52,52,48,42,89,64,34,8,2,-,0,
4/9/2016,66,55,46,50,47,44,100,73,48,6,2,-,0,
4/10/2016,59,52,48,45,43,42,86,71,57,9,7,-,0,
4/11/2016,57,54,50,44,42,39,80,67,51,10,6,-,0,
4/12/2016,60,52,46,48,44,41,97,79,59,16,8,23,0.44,Rain
4/13/2016,59,52,46,46,42,37,97,73,44,13,6,17,0,Rain
4/14/2016,59,52,45,46,42,38,93,73,49,14,6,32,0.2,Rain
4/15/2016,60,54,48,47,43,39,90,70,48,14,6,17,0,
4/16/2016,68,56,43,45,41,35,89,62,31,8,4,-,0,
4/17/2016,77,64,50,50,47,44,83,61,33,10,3,-,0,
4/18/2016,89,70,52,62,50,45,89,53,27,9,2,-,0,
4/19/2016,81,68,55,52,50,47,83,54,31,9,3,-,0,
4/20/2016,81,67,55,55,52,50,87,62,37,9,2,-,0,
4/21/2016,73,63,53,53,50,42,89,65,34,12,8,-,0,Rain
4/22/2016,64,58,54,52,51,49,84,77,63,15,6,18,0.02,Rain
4/23/2016,64,58,53,52,49,46,86,75,52,13,9,22,0.02,Rain
4/24/2016,55,51,48,49,46,42,93,83,66,10,6,18,0.27,Rain
4/25/2016,59,52,46,46,42,33,100,76,42,7,2,-,0.1,
4/26/2016,60,52,43,44,41,37,93,69,44,8,4,-,0,
4/27/2016,61,56,51,47,44,40,80,67,46,12,2,-,0,
4/28/2016,64,58,53,50,47,43,86,71,52,7,3,-,0,
4/29/2016,61,55,50,49,46,43,96,74,53,8,4,-,0.04,Rain
4/30/2016,68,56,45,47,44,40,97,64,37,12,3,18,0,
5/1/2016,77,63,51,50,46,42,86,56,30,13,3,20,0,
5/2/2016,87,70,54,52,47,41,80,48,26,8,3,-,0,
5/3/2016,73,65,57,55,52,45,84,65,47,9,3,17,0,
5/4/2016,60,56,54,50,47,44,80,72,58,14,5,-,0,
5/5/2016,68,60,52,50,48,45,83,65,52,9,4,20,0,
5/6/2016,77,66,54,49,44,37,77,48,24,14,3,20,0,
5/7/2016,82,68,54,52,47,39,72,50,26,9,2,-,0,
5/8/2016,63,56,50,50,46,42,100,72,46,13,7,16,0.02,Rain
5/9/2016,66,57,48,47,44,38,90,64,37,8,5,-,0,
5/10/2016,75,60,46,46,39,31,86,49,23,12,3,17,0,
5/11/2016,81,66,52,55,43,34,74,45,25,8,4,-,0,
5/12/2016,77,64,52,49,45,39,80,53,29,6,3,-,0,
5/13/2016,82,68,54,51,49,48,86,56,30,12,5,18,0,
5/14/2016,64,59,54,53,52,50,90,83,58,10,5,-,0,
5/15/2016,57,56,54,55,53,51,97,91,86,8,6,-,0,
5/16/2016,60,56,52,53,50,49,100,82,69,6,3,-,0,
5/17/2016,71,61,53,51,49,47,86,64,47,9,4,-,0,
5/18/2016,64,60,54,53,50,45,87,74,63,8,2,-,0,
5/19/2016,63,55,48,50,48,43,97,83,52,13,7,20,0.22,Rain
5/20/2016,66,58,51,50,46,39,96,69,38,12,6,18,0,
5/21/2016,59,56,52,51,38,28,90,56,32,10,3,-,0.04,Rain
5/22/2016,66,60,54,50,48,44,86,70,52,14,9,21,0,
5/23/2016,64,59,54,50,48,45,83,69,52,10,6,-,0,
5/24/2016,66,62,57,52,51,49,78,70,56,6,3,-,0,
5/25/2016,66,60,55,52,50,45,84,72,61,12,4,17,0,
5/26/2016,64,58,53,49,45,42,83,67,53,12,9,17,0,
5/27/2016,64,57,51,49,44,37,83,67,38,12,7,-,0.02,Rain
5/28/2016,64,56,50,56,48,31,96,78,37,14,9,23,0.03,Rain
5/29/2016,64,58,53,53,49,41,93,76,48,14,7,-,0,
5/30/2016,71,60,48,48,45,43,86,59,38,14,4,16,0,
5/31/2016,79,66,55,50,48,45,80,54,33,7,2,-,0,
6/1/2016,75,66,59,58,52,45,90,61,48,12,4,17,0,
6/2/2016,71,64,59,57,54,51,90,75,51,18,10,24,0,
6/3/2016,80,68,57,54,53,52,87,60,38,12,3,17,0,
6/4/2016,81,72,63,54,45,35,67,39,29,12,5,20,0,
6/5/2016,91,78,66,61,56,52,65,46,34,9,2,-,0,
6/6/2016,86,74,64,56,52,46,65,46,33,12,3,20,0,
6/7/2016,84,72,59,53,49,44,75,46,32,7,4,-,0,
6/8/2016,66,62,57,52,49,47,75,62,51,15,7,22,0,Rain
6/9/2016,64,59,54,54,47,40,90,67,43,12,7,-,0.06,Rain
6/10/2016,66,58,52,52,48,42,89,73,45,14,8,22,0.01,Rain
6/11/2016,64,58,52,54,50,47,93,79,54,9,6,-,0.1,Rain
6/12/2016,70,62,55,49,46,43,74,57,40,7,4,-,0,
6/13/2016,66,60,54,51,47,43,86,67,47,17,7,24,0,Rain
6/14/2016,60,54,48,47,45,42,86,73,53,21,10,28,0.05,Rain
6/15/2016,66,56,45,47,42,38,90,63,36,10,7,16,0,
6/16/2016,71,61,53,47,44,37,80,58,31,10,7,-,0,
6/17/2016,66,60,53,53,48,45,90,69,45,14,3,22,0.22,Rain
6/18/2016,64,60,55,54,51,45,96,79,58,14,5,18,0.16,Rain
6/19/2016,70,58,48,48,46,43,90,63,40,12,7,22,0,
6/20/2016,75,66,57,55,52,43,93,67,32,14,5,25,0.29,"Rain , Thunderstorm"
6/21/2016,73,64,55,56,53,50,96,74,48,15,9,-,0.34,Rain
6/22/2016,75,65,57,52,50,48,83,61,40,12,4,-,0,Rain
6/23/2016,68,62,55,58,55,52,100,87,61,14,7,24,0.34,Rain
6/24/2016,69,60,53,58,54,52,97,80,61,15,7,21,0.09,Rain
6/25/2016,71,64,57,53,52,49,87,68,51,9,6,16,0,
6/26/2016,78,67,57,57,54,51,83,63,47,13,4,20,0,
6/27/2016,84,73,62,57,54,50,75,55,34,13,4,-,0,
6/28/2016,79,66,55,58,55,53,93,75,46,9,6,-,0,
6/29/2016,73,65,57,58,56,55,93,80,57,9,5,-,0,
6/30/2016,73,65,57,56,54,52,87,73,48,8,5,-,0,
7/1/2016,75,66,57,56,54,52,87,73,48,8,3,-,0,
7/2/2016,75,69,61,60,57,54,84,70,55,8,4,-,0,
7/3/2016,71,64,57,56,53,49,87,72,53,9,5,-,0,
7/4/2016,68,62,57,56,52,50,82,72,54,9,7,-,0,Rain
7/5/2016,69,63,57,55,52,50,84,72,53,8,5,21,0,
7/6/2016,75,66,57,55,53,48,84,63,38,9,3,-,0,
7/7/2016,68,64,60,61,56,52,96,78,65,13,6,18,0.06,Rain
7/8/2016,73,66,60,60,58,55,100,82,55,10,6,18,0.14,Rain
7/9/2016,71,64,57,58,54,51,100,75,53,10,6,17,0.07,Rain
7/10/2016,73,66,59,57,55,52,90,72,48,10,3,-,0,
7/11/2016,73,64,57,56,52,45,84,68,47,12,7,-,0,
7/12/2016,77,68,60,57,54,52,80,64,43,13,3,18,0,
7/13/2016,75,68,60,53,50,46,78,59,37,12,4,-,0,
7/14/2016,77,66,57,58,52,49,78,62,38,17,5,22,0,
7/15/2016,75,66,57,53,51,48,84,60,38,8,3,-,0,
7/16/2016,72,66,59,53,52,51,75,62,49,10,6,-,0,
7/17/2016,80,70,60,56,54,53,80,60,40,10,2,-,0,
7/18/2016,73,67,62,57,55,53,78,69,57,10,4,-,0,
7/19/2016,78,70,62,55,53,50,75,59,40,9,5,-,0,
7/20/2016,82,72,62,54,52,47,72,54,30,10,3,-,0,
7/21/2016,81,71,61,56,54,51,78,57,36,14,4,18,0,
7/22/2016,71,66,61,58,56,54,90,73,59,12,7,20,0.21,Rain
7/23/2016,75,66,60,55,53,49,78,64,41,8,4,-,0,
7/24/2016,80,68,57,54,52,51,81,58,38,12,4,18,0,
7/25/2016,84,73,62,58,56,53,75,56,35,10,3,-,0,
7/26/2016,79,70,60,57,56,53,83,69,42,8,4,-,0,
7/27/2016,82,71,60,58,56,54,83,60,38,10,5,17,0,
7/28/2016,84,73,62,57,56,54,78,56,35,10,5,-,0,
7/29/2016,88,75,64,58,56,52,75,53,31,10,3,-,0,
7/30/2016,75,67,59,55,52,51,81,63,44,9,6,18,0,
7/31/2016,73,64,57,52,51,50,75,62,48,10,8,20,0,
8/1/2016,77,66,55,54,52,51,89,70,42,12,5,-,0,
8/2/2016,73,64,57,53,51,50,78,66,49,12,6,17,0,
8/3/2016,75,66,60,53,52,51,72,62,45,10,6,-,0,
8/4/2016,80,69,59,56,53,51,81,58,38,13,5,21,0,
8/5/2016,79,70,61,54,51,46,75,56,32,9,4,-,0,
8/6/2016,72,63,55,51,49,48,77,62,45,10,6,-,0,
8/7/2016,72,66,60,56,52,49,83,69,49,9,4,-,0.03,Rain
8/8/2016,73,64,57,54,53,48,84,69,44,9,4,-,0,
8/9/2016,72,66,60,55,54,53,83,70,53,10,3,-,0,
8/10/2016,75,68,60,56,55,54,83,67,48,12,2,17,0,
8/11/2016,80,70,61,57,56,54,81,63,47,12,4,20,0,
8/12/2016,87,75,63,59,57,55,78,56,36,10,3,-,0,
8/13/2016,90,78,66,60,56,51,78,52,28,8,2,-,0,
8/14/2016,82,71,60,54,52,44,78,51,25,10,4,-,0,
8/15/2016,84,72,61,57,55,53,78,57,37,9,2,-,0,
8/16/2016,81,69,57,56,54,51,90,62,35,8,2,-,0,
8/17/2016,79,70,60,54,53,50,80,56,40,12,4,-,0,
8/18/2016,86,73,60,63,59,49,72,57,45,16,8,-,0,
8/19/2016,95,60,26,77,54,9,88,48,23,16,8,-,0,
8/20/2016,91,78,64,57,53,48,70,44,26,10,3,-,0,
8/21/2016,73,66,60,55,54,52,83,68,48,14,8,-,0,
8/22/2016,72,64,57,59,51,46,93,64,40,14,8,-,0,
8/23/2016,79,67,55,55,51,48,83,58,39,17,7,-,0,
8/24/2016,82,70,57,57,55,54,89,60,39,20,5,-,0,
8/25/2016,93,77,61,59,54,50,81,51,22,14,4,-,0,
8/26/2016,88,74,60,57,52,45,82,45,22,10,4,-,0,
8/27/2016,72,66,61,57,54,50,81,65,46,16,9,-,0,
8/28/2016,75,68,59,54,52,50,80,65,44,12,9,-,0,
8/29/2016,81,68,55,55,53,50,89,65,39,9,4,-,0,
8/30/2016,70,64,57,55,53,52,83,69,53,14,9,18,0,
8/31/2016,71,65,59,61,56,52,90,77,63,14,8,-,0,Rain
9/1/2016,68,62,57,57,54,50,93,77,56,13,11,-,0,Rain
9/2/2016,70,62,55,54,50,11,96,71,11,17,11,24,0,Rain
9/3/2016,66,60,55,52,50,46,89,72,52,9,7,-,0,Rain
9/4/2016,68,60,53,52,49,45,89,69,43,12,5,-,0,
9/5/2016,68,62,55,52,50,48,83,68,51,12,8,-,0,
9/6/2016,68,62,55,56,53,50,94,76,61,9,5,-,0,Rain
9/7/2016,66,62,57,57,55,51,93,80,59,13,4,-,0.02,Rain
9/8/2016,72,63,57,57,52,45,90,69,50,9,6,-,0,Rain
9/9/2016,73,63,53,50,48,42,86,62,34,7,2,-,0,
9/10/2016,77,64,53,54,50,47,86,61,36,12,2,-,0,
9/11/2016,70,63,57,51,48,44,81,62,42,10,4,-,0,
9/12/2016,73,64,55,49,46,38,77,53,27,12,5,18,0,
9/13/2016,73,63,53,49,44,39,80,52,28,10,2,-,0,
9/14/2016,79,65,51,51,46,40,83,54,25,10,5,-,0,
9/15/2016,71,62,53,52,51,48,89,71,49,8,6,-,0,
9/16/2016,75,64,53,54,52,49,89,68,43,8,2,-,0,Rain
9/17/2016,68,62,59,58,56,53,93,83,63,18,9,32,0.09,Rain
9/18/2016,69,61,53,57,52,48,93,73,49,10,3,-,0,Rain
9/19/2016,71,62,55,54,49,43,81,64,38,17,10,28,0.01,Rain
9/20/2016,66,57,48,50,47,45,86,68,50,14,6,-,0,
9/21/2016,68,59,52,49,48,45,83,66,45,10,4,17,0,
9/22/2016,66,57,48,50,47,44,86,69,52,12,5,16,0,
9/23/2016,64,59,54,51,49,47,78,72,63,18,9,29,0,Rain
9/24/2016,66,60,55,51,48,44,81,64,47,9,4,-,0,
9/25/2016,75,67,59,53,50,46,78,58,36,10,3,-,0,
9/26/2016,77,66,57,56,53,50,78,64,46,7,3,-,0,
9/27/2016,69,62,57,56,48,40,75,57,37,13,5,18,0,Rain
9/28/2016,68,60,55,52,48,45,77,67,50,15,4,-,0,
9/29/2016,66,57,50,50,44,38,80,61,38,10,1,-,0,
9/30/2016,66,56,46,49,46,41,97,73,45,8,3,-,0,
10/1/2016,63,56,50,52,50,47,96,82,58,12,5,26,0.1,Rain
10/2/2016,64,57,50,52,49,44,100,78,48,7,1,-,0,
10/3/2016,61,56,51,51,48,42,93,75,51,12,6,20,0.01,Rain
10/4/2016,63,57,53,54,52,50,96,85,67,15,8,18,0.1,Rain
10/5/2016,66,58,53,53,50,48,93,74,56,13,4,18,0.04,Rain
10/6/2016,63,59,55,54,51,48,96,80,60,12,6,23,0.26,Rain
10/7/2016,64,59,55,54,51,47,93,79,56,21,11,33,0.16,Rain
10/8/2016,68,60,53,61,58,52,100,92,73,20,7,26,0.59,Rain
10/9/2016,57,54,50,53,50,47,97,89,72,8,3,-,0.27,Rain
10/10/2016,60,53,46,49,45,36,100,80,47,14,3,21,0,Fog
10/11/2016,62,54,45,45,41,37,93,66,44,8,3,-,0,
10/12/2016,66,52,39,47,41,36,93,66,37,9,2,-,0,Rain
10/13/2016,60,56,52,57,53,49,100,96,80,18,6,28,1.62,Rain
10/14/2016,60,56,52,55,51,49,97,87,72,28,12,37,1.46,Rain
10/15/2016,62,56,50,52,50,49,100,88,65,22,8,32,0.84,Rain
10/16/2016,60,55,51,54,51,48,100,89,78,15,7,17,0.51,Rain
10/17/2016,60,56,51,53,50,49,96,85,72,16,9,26,0.04,Rain
10/18/2016,61,55,50,51,49,48,100,87,67,16,8,28,0.13,Rain
10/19/2016,57,51,45,51,48,44,100,87,69,8,3,-,0.16,Rain
10/20/2016,62,56,50,56,53,50,100,93,72,16,4,20,1.19,Rain
10/21/2016,59,54,48,51,49,47,100,88,69,12,7,-,0.01,Rain
10/22/2016,62,53,45,50,46,39,100,77,48,9,5,-,0.01,Rain
10/23/2016,62,56,50,53,50,48,100,83,62,12,3,-,0.14,Rain
10/24/2016,61,56,50,53,50,48,97,84,67,12,4,-,0.13,Rain
10/25/2016,64,56,48,50,47,45,97,71,50,17,8,25,0.02,Rain
10/26/2016,57,55,53,57,53,48,100,93,80,10,3,20,1.46,Rain
10/27/2016,60,56,52,54,51,48,97,86,72,12,7,-,0.07,Rain
10/28/2016,64,57,50,52,50,45,100,80,60,9,3,-,0.01,Rain
10/29/2016,68,54,48,52,49,45,100,85,69,7,2,-,0.17,Rain
10/30/2016,52,48,45,51,47,43,100,93,80,7,1,-,0.22,Rain
10/31/2016,59,54,50,52,50,47,100,91,67,18,5,29,0.58,Rain
11/1/2016,57,54,50,54,51,48,100,93,77,15,5,21,0.3,Rain
11/2/2016,57,54,51,54,51,48,100,94,84,10,5,-,0.45,Rain
11/3/2016,64,56,46,52,50,47,100,87,56,7,3,-,0.03,
11/4/2016,64,53,42,52,46,42,100,88,52,9,2,-,0,"Fog , Rain"
11/5/2016,57,55,52,57,54,51,100,95,83,13,5,-,0.94,Rain
11/6/2016,61,54,48,52,48,46,100,81,58,12,7,-,0.21,Rain
11/7/2016,62,57,52,53,51,49,97,86,70,9,3,-,0.05,Rain
11/8/2016,71,60,48,53,51,47,97,79,51,8,2,-,0,
11/9/2016,64,58,53,59,54,50,100,91,73,7,4,-,0.19,Rain
11/10/2016,63,56,48,55,51,48,100,92,72,7,2,-,0,Fog
11/11/2016,63,57,51,55,53,50,97,87,72,9,4,-,0,Rain
11/12/2016,59,54,48,55,51,46,97,83,69,23,10,39,0.06,Rain
11/13/2016,54,50,46,53,48,45,97,91,83,12,5,-,0.25,Rain
11/14/2016,57,54,50,53,50,45,100,88,67,9,5,-,0.21,Rain
11/15/2016,55,50,46,50,47,43,100,92,71,17,4,26,0.97,Rain
11/16/2016,50,48,45,44,43,42,93,86,77,9,7,18,0,Rain
11/17/2016,52,46,39,44,41,38,100,85,63,8,5,-,0,
11/18/2016,54,45,36,41,33,27,100,66,37,15,3,-,0,Rain
11/19/2016,55,52,48,45,40,35,86,66,54,14,5,-,0.09,Rain
11/20/2016,55,50,46,49,46,43,97,83,74,14,7,22,0.11,Rain
11/21/2016,54,48,43,48,46,42,97,89,71,12,8,16,0.03,Rain
11/22/2016,54,48,42,47,42,38,100,82,59,7,5,-,0.52,Rain
11/23/2016,48,46,43,45,43,40,97,87,74,16,9,22,0.26,Rain
11/24/2016,51,48,46,46,44,39,96,86,63,18,11,29,1.16,Rain
11/25/2016,52,46,41,47,42,40,100,85,63,15,7,21,0.04,Rain
11/26/2016,52,48,44,49,47,43,100,94,86,10,3,18,0.52,Rain
11/27/2016,48,46,43,45,44,42,100,94,86,14,5,25,0.42,Rain
11/28/2016,52,44,37,45,43,38,100,90,74,9,4,-,0,
11/29/2016,51,48,44,44,43,40,100,89,71,10,4,-,0.05,Rain
11/30/2016,52,47,42,45,43,40,96,86,68,20,11,32,0.2,Rain
12/1/2016,46,42,37,43,40,37,97,87,79,13,7,20,0,
12/2/2016,48,46,44,48,45,42,100,93,86,14,9,25,0.2,Rain
12/3/2016,48,46,43,46,43,41,97,87,77,15,8,22,0.06,Rain
12/4/2016,46,40,35,43,37,32,100,87,71,13,6,-,0.17,Rain
12/5/2016,39,36,33,38,35,33,100,95,82,15,8,18,0.23,"Rain , Snow"
12/6/2016,41,37,33,34,29,21,100,76,52,12,2,-,0,
12/7/2016,39,33,27,26,22,17,89,65,49,9,3,-,0,
12/8/2016,39,34,30,31,19,11,100,57,31,17,6,24,0.04,Snow
12/9/2016,36,33,30,36,33,31,100,95,89,15,6,-,0.29,"Rain , Snow"
12/10/2016,44,40,35,41,38,35,100,91,81,15,11,29,0.21,Rain
12/11/2016,44,42,41,40,38,37,92,86,82,15,10,28,0.06,Rain
12/12/2016,43,41,37,40,37,36,97,89,81,13,8,16,0.02,Rain
12/13/2016,39,36,33,36,32,27,93,83,73,12,5,-,0,
12/14/2016,39,36,32,27,24,21,82,66,49,10,7,-,0,
12/15/2016,37,36,34,27,26,24,73,68,62,7,3,-,0,
12/16/2016,35,29,23,24,18,13,81,60,42,9,5,-,0,
12/17/2016,34,28,21,26,22,20,92,79,59,8,4,-,0,
12/18/2016,39,34,28,30,28,25,96,79,65,12,4,-,0,
12/19/2016,45,40,36,43,40,30,100,93,76,21,9,29,0.48,Rain
12/20/2016,51,44,37,48,40,36,100,81,59,22,11,32,0.01,Rain
12/21/2016,48,42,35,37,35,33,96,83,58,8,4,-,0,
12/22/2016,45,40,34,40,36,32,100,87,60,14,5,-,0.36,Rain
12/23/2016,39,38,36,39,37,35,100,97,96,9,5,-,0.61,Rain
12/24/2016,39,38,36,37,36,35,100,95,86,8,1,-,0,Rain
12/25/2016,39,36,32,36,34,32,100,97,83,8,4,-,0,Fog
12/26/2016,42,38,34,40,35,30,100,88,73,17,7,28,0.39,Rain
12/27/2016,45,43,41,39,38,35,89,82,76,17,12,28,0,Rain
12/28/2016,48,42,37,36,35,32,89,75,61,14,8,20,0,
12/29/2016,46,42,39,45,38,32,100,85,67,16,5,22,0.12,Rain
12/30/2016,44,38,32,40,36,32,100,90,65,8,3,-,0.07,Rain
12/31/2016,39,34,30,38,33,30,100,95,86,13,6,22,0,"Fog , Rain , Snow"
